setup,hosts,cell,metric,units,mean,sd_between_boots,cv_between_pct,sd_within_boot,watts,tok_s_per_w
ref-2x-mtp3,dgx01+dgx02,coding-t0-nothink-c1,agg_tok_s,1,62.663,0.0,0.0,,47.19,1.3279
ref-2x-mtp3,dgx01+dgx02,coding-t0-nothink-c1,hit_max_tokens,1,12,0.0,0.0,,47.19,
ref-2x-mtp3,dgx01+dgx02,coding-t0-nothink-c1,median_req_tok_s,1,70.619,0.0,0.0,,47.19,
ref-2x-mtp3,dgx01+dgx02,coding-t0-nothink-c1,ok_requests,1,36,0.0,0.0,,47.19,
ref-2x-mtp3,dgx01+dgx02,coding-t0-nothink-c8,agg_tok_s,1,225.81,0.0,0.0,,44.66,5.0568
ref-2x-mtp3,dgx01+dgx02,coding-t0-nothink-c8,hit_max_tokens,1,11,0.0,0.0,,44.66,
ref-2x-mtp3,dgx01+dgx02,coding-t0-nothink-c8,median_req_tok_s,1,31.623,0.0,0.0,,44.66,
ref-2x-mtp3,dgx01+dgx02,coding-t0-nothink-c8,ok_requests,1,36,0.0,0.0,,44.66,
ref-2x-mtp3,dgx01+dgx02,idle,idle,1,,,,,18.81,
ref-2x-mtp3,dgx01+dgx02,tgdef-c1,accept_per_draft,1,0.503,0.0,0.0,,46.01,
ref-2x-mtp3,dgx01+dgx02,tgdef-c1,pp_tok_s,1,367.723,0.0,0.0,4.51,46.01,
ref-2x-mtp3,dgx01+dgx02,tgdef-c1,tg_req_tok_s,1,51.587,0.0,0.0,2.94,46.01,
ref-2x-mtp3,dgx01+dgx02,tgdef-c1,tg_tok_s,1,51.587,0.0,0.0,2.94,46.01,1.1213
ref-2x-mtp3,dgx01+dgx02,tgdef-c1,ttft_ms,1,5693.786,0.0,0.0,73.545,46.01,
ref-2x-mtp3,dgx01+dgx02,tgdef-c8,accept_per_draft,1,0.504,0.0,0.0,,47.7,
ref-2x-mtp3,dgx01+dgx02,tgdef-c8,pp_tok_s,1,522.543,0.0,0.0,22.717,47.7,
ref-2x-mtp3,dgx01+dgx02,tgdef-c8,tg_req_tok_s,1,22.094,0.0,0.0,4.893,47.7,
ref-2x-mtp3,dgx01+dgx02,tgdef-c8,tg_tok_s,1,95.704,0.0,0.0,9.568,47.7,2.0063
ref-2x-mtp3,dgx01+dgx02,tgdef-c8,ttft_ms,1,27325.175,0.0,0.0,7671.754,47.7,
ref-2x-mtp3,dgx01+dgx02,tgt0-c1,accept_per_draft,1,0.799,0.0,0.0,,48.1,
ref-2x-mtp3,dgx01+dgx02,tgt0-c1,pp_tok_s,1,377.02,0.0,0.0,4.862,48.1,
ref-2x-mtp3,dgx01+dgx02,tgt0-c1,tg_req_tok_s,1,71.082,0.0,0.0,4.781,48.1,
ref-2x-mtp3,dgx01+dgx02,tgt0-c1,tg_tok_s,1,71.082,0.0,0.0,4.781,48.1,1.4777
ref-2x-mtp3,dgx01+dgx02,tgt0-c1,ttft_ms,1,5457.997,0.0,0.0,74.388,48.1,
ref-2x-mtp3,dgx01+dgx02,tgt0-c8,accept_per_draft,1,0.749,0.0,0.0,,48.19,
ref-2x-mtp3,dgx01+dgx02,tgt0-c8,pp_tok_s,1,522.841,0.0,0.0,4.97,48.19,
ref-2x-mtp3,dgx01+dgx02,tgt0-c8,tg_req_tok_s,1,25.687,0.0,0.0,8.053,48.19,
ref-2x-mtp3,dgx01+dgx02,tgt0-c8,tg_tok_s,1,88.55,0.0,0.0,5.736,48.19,1.8375
ref-2x-mtp3,dgx01+dgx02,tgt0-c8,ttft_ms,1,26720.317,0.0,0.0,8522.004,48.19,
ref-2x-mtp4,dgx01+dgx02,coding-t0-nothink-c1,agg_tok_s,1,64.478,0.0,0.0,,49.18,1.311
ref-2x-mtp4,dgx01+dgx02,coding-t0-nothink-c1,hit_max_tokens,1,11,0.0,0.0,,49.18,
ref-2x-mtp4,dgx01+dgx02,coding-t0-nothink-c1,median_req_tok_s,1,73.275,0.0,0.0,,49.18,
ref-2x-mtp4,dgx01+dgx02,coding-t0-nothink-c1,ok_requests,1,36,0.0,0.0,,49.18,
ref-2x-mtp4,dgx01+dgx02,coding-t0-nothink-c8,agg_tok_s,1,233.57,0.0,0.0,,46.47,5.0266
ref-2x-mtp4,dgx01+dgx02,coding-t0-nothink-c8,hit_max_tokens,1,9,0.0,0.0,,46.47,
ref-2x-mtp4,dgx01+dgx02,coding-t0-nothink-c8,median_req_tok_s,1,32.649,0.0,0.0,,46.47,
ref-2x-mtp4,dgx01+dgx02,coding-t0-nothink-c8,ok_requests,1,36,0.0,0.0,,46.47,
ref-2x-mtp4,dgx01+dgx02,idle,idle,1,,,,,19.36,
ref-2x-mtp4,dgx01+dgx02,tgdef-c1,accept_per_draft,1,0.441,0.0,0.0,,47.59,
ref-2x-mtp4,dgx01+dgx02,tgdef-c1,pp_tok_s,1,379.837,0.0,0.0,1.667,47.59,
ref-2x-mtp4,dgx01+dgx02,tgdef-c1,tg_req_tok_s,1,50.239,0.0,0.0,1.673,47.59,
ref-2x-mtp4,dgx01+dgx02,tgdef-c1,tg_tok_s,1,50.239,0.0,0.0,1.673,47.59,1.0557
ref-2x-mtp4,dgx01+dgx02,tgdef-c1,ttft_ms,1,5510.494,0.0,0.0,21.327,47.59,
ref-2x-mtp4,dgx01+dgx02,tgdef-c8,accept_per_draft,1,0.433,0.0,0.0,,48.59,
ref-2x-mtp4,dgx01+dgx02,tgdef-c8,pp_tok_s,1,540.084,0.0,0.0,3.078,48.59,
ref-2x-mtp4,dgx01+dgx02,tgdef-c8,tg_req_tok_s,1,21.748,0.0,0.0,4.503,48.59,
ref-2x-mtp4,dgx01+dgx02,tgdef-c8,tg_tok_s,1,93.662,0.0,0.0,11.108,48.59,1.9276
ref-2x-mtp4,dgx01+dgx02,tgdef-c8,ttft_ms,1,26456.059,0.0,0.0,7743.15,48.59,
ref-2x-mtp4,dgx01+dgx02,tgt0-c1,accept_per_draft,1,0.622,0.0,0.0,,49.48,
ref-2x-mtp4,dgx01+dgx02,tgt0-c1,pp_tok_s,1,378.42,0.0,0.0,5.403,49.48,
ref-2x-mtp4,dgx01+dgx02,tgt0-c1,tg_req_tok_s,1,65.714,0.0,0.0,8.396,49.48,
ref-2x-mtp4,dgx01+dgx02,tgt0-c1,tg_tok_s,1,65.714,0.0,0.0,8.396,49.48,1.3282
ref-2x-mtp4,dgx01+dgx02,tgt0-c1,ttft_ms,1,5436.864,0.0,0.0,81.708,49.48,
ref-2x-mtp4,dgx01+dgx02,tgt0-c8,accept_per_draft,1,0.673,0.0,0.0,,49.13,
ref-2x-mtp4,dgx01+dgx02,tgt0-c8,pp_tok_s,1,502.662,0.0,0.0,24.43,49.13,
ref-2x-mtp4,dgx01+dgx02,tgt0-c8,tg_req_tok_s,1,25.832,0.0,0.0,7.626,49.13,
ref-2x-mtp4,dgx01+dgx02,tgt0-c8,tg_tok_s,1,88.676,0.0,0.0,11.582,49.13,1.805
ref-2x-mtp4,dgx01+dgx02,tgt0-c8,ttft_ms,1,27681.619,0.0,0.0,8171.589,49.13,
