ref-2x-mtp3	idle	1791670243.492579	1791670363.493980	0
ref-2x-mtp3	tgdef-c1	1791670363.494190	1791670433.354205	0
ref-2x-mtp3	tgdef-c8	1791670433.356262	1791670647.050489	0
ref-2x-mtp3	tgt0-c1	1791670647.052821	1791670694.123401	0
ref-2x-mtp3	tgt0-c8	1791670694.125131	1791670889.352779	0
ref-2x-mtp3	coding-t0-nothink-c1	1791670889.355232	1791671214.604607	0
ref-2x-mtp3	coding-t0-nothink-c8	1791671214.606445	1791671307.859122	0
ref-2x-mtp4	idle	1791671538.765239	1791671658.766661	0
ref-2x-mtp4	tgdef-c1	1791671658.766797	1791671728.447051	0
ref-2x-mtp4	tgdef-c8	1791671728.448800	1791671939.441840	0
ref-2x-mtp4	tgt0-c1	1791671939.443719	1791671988.392598	0
ref-2x-mtp4	tgt0-c8	1791671988.395045	1791672184.655079	0
ref-2x-mtp4	coding-t0-nothink-c1	1791672184.657433	1791672499.735520	0
ref-2x-mtp4	coding-t0-nothink-c8	1791672499.737588	1791672584.974878	0
