| model              |                 test |      t/s (total) |        t/s (req) |       peak t/s |   peak t/s (req) |           ttfr (ms) |        est_ppt (ms) |       e2e_ttft (ms) |   accept/draft |   prefix-hit |
|:-------------------|---------------------:|-----------------:|-----------------:|---------------:|-----------------:|--------------------:|--------------------:|--------------------:|---------------:|-------------:|
| qwen3.8-flash-next |          pp2048 (c1) |  1201.43 ± 19.78 |  1201.43 ± 19.78 |                |                  |     1750.19 ± 27.60 |     1745.60 ± 27.60 |     1750.19 ± 27.60 |          0.547 |            0 |
| qwen3.8-flash-next |           tg512 (c1) |     49.96 ± 1.28 |     49.96 ± 1.28 |   69.67 ± 1.70 |     69.67 ± 1.70 |                     |                     |                     |          0.547 |            0 |
| qwen3.8-flash-next |          pp2048 (c2) | 1583.13 ± 155.33 |   793.08 ± 77.96 |                |                  |    2670.54 ± 245.71 |    2665.94 ± 245.71 |    2670.54 ± 245.71 |          0.547 |            0 |
| qwen3.8-flash-next |           tg512 (c2) |     73.34 ± 7.82 |     40.74 ± 5.21 |   99.67 ± 5.79 |     55.17 ± 5.58 |                     |                     |                     |          0.547 |            0 |
| qwen3.8-flash-next |          pp2048 (c4) |  1666.35 ± 95.64 |   442.66 ± 31.02 |                |                  |    4761.56 ± 322.68 |    4756.97 ± 322.68 |    4761.56 ± 322.68 |          0.602 |            0 |
| qwen3.8-flash-next |           tg512 (c4) |    103.66 ± 2.43 |     30.57 ± 3.32 |  134.33 ± 5.91 |    49.08 ± 11.24 |                     |                     |                     |          0.602 |            0 |
| qwen3.8-flash-next |          pp2048 (c8) |  1946.54 ± 58.50 |   316.95 ± 99.35 |                |                  |   7081.34 ± 1552.55 |   7076.75 ± 1552.55 |   7081.34 ± 1552.55 |          0.571 |            0 |
| qwen3.8-flash-next |           tg512 (c8) |    117.61 ± 4.77 |     21.19 ± 3.50 |  193.00 ± 9.93 |    37.92 ± 11.50 |                     |                     |                     |          0.571 |            0 |
| qwen3.8-flash-next | ctx_pp @ d16384 (c1) | 2003.48 ± 112.63 | 2003.48 ± 112.63 |                |                  |    8214.18 ± 444.38 |    8209.58 ± 444.38 |    8214.77 ± 443.55 |          0.545 |        0.434 |
| qwen3.8-flash-next | ctx_tg @ d16384 (c1) |     45.35 ± 1.45 |     45.35 ± 1.45 |   56.67 ± 6.13 |     56.67 ± 6.13 |                     |                     |                     |          0.545 |        0.434 |
| qwen3.8-flash-next | pp2048 @ d16384 (c1) |  1009.71 ± 40.14 |  1009.71 ± 40.14 |                |                  |     2036.02 ± 78.75 |     2031.43 ± 78.75 |     2037.35 ± 78.91 |          0.545 |        0.434 |
| qwen3.8-flash-next |  tg512 @ d16384 (c1) |     51.16 ± 4.80 |     51.16 ± 4.80 |   64.67 ± 7.59 |     64.67 ± 7.59 |                     |                     |                     |          0.545 |        0.434 |
| qwen3.8-flash-next | ctx_pp @ d16384 (c2) |  2045.03 ± 73.25 |  1067.58 ± 59.76 |                |                  |   15412.01 ± 850.05 |   15407.42 ± 850.05 |   15412.52 ± 850.30 |          0.552 |        0.434 |
| qwen3.8-flash-next | ctx_tg @ d16384 (c2) |     56.33 ± 4.90 |     37.28 ± 8.84 |   89.33 ± 4.71 |    55.00 ± 12.32 |                     |                     |                     |          0.552 |        0.434 |
| qwen3.8-flash-next | pp2048 @ d16384 (c2) |  1115.62 ± 30.06 |   567.75 ± 17.97 |                |                  |    3615.45 ± 115.03 |    3610.86 ± 115.03 |    3616.69 ± 114.67 |          0.552 |        0.434 |
| qwen3.8-flash-next |  tg512 @ d16384 (c2) |    77.56 ± 10.92 |     40.88 ± 4.60 | 103.67 ± 11.32 |     56.00 ± 4.97 |                     |                     |                     |          0.552 |        0.434 |
| qwen3.8-flash-next | ctx_pp @ d16384 (c4) |   2206.96 ± 4.40 |  674.62 ± 127.32 |                |                  |  25180.83 ± 4621.59 |  25176.24 ± 4621.59 |  25180.96 ± 4621.43 |          0.527 |        0.434 |
| qwen3.8-flash-next | ctx_tg @ d16384 (c4) |     44.41 ± 6.04 |     22.03 ± 6.97 |  127.67 ± 2.49 |    42.58 ± 10.16 |                     |                     |                     |          0.527 |        0.434 |
| qwen3.8-flash-next | pp2048 @ d16384 (c4) |   1231.10 ± 3.45 |   324.10 ± 21.74 |                |                  |    6350.13 ± 396.13 |    6345.54 ± 396.13 |    6350.78 ± 395.92 |          0.527 |        0.434 |
| qwen3.8-flash-next |  tg512 @ d16384 (c4) |    102.45 ± 3.36 |     29.92 ± 3.93 |  142.00 ± 3.56 |    46.00 ± 11.64 |                     |                     |                     |          0.527 |        0.434 |
| qwen3.8-flash-next | ctx_pp @ d16384 (c8) |  1970.03 ± 13.65 |  464.90 ± 171.84 |                |                  | 40606.03 ± 14958.37 | 40601.44 ± 14958.37 | 40606.03 ± 14958.37 |          0.549 |        0.014 |
| qwen3.8-flash-next | ctx_tg @ d16384 (c8) |     37.80 ± 3.65 |     10.55 ± 7.11 |  171.67 ± 6.34 |    36.08 ± 10.50 |                     |                     |                     |          0.549 |        0.014 |
| qwen3.8-flash-next | pp2048 @ d16384 (c8) |    98.98 ± 19.67 |    54.02 ± 39.25 |                |                  | 68889.60 ± 61173.99 | 68885.00 ± 61173.99 | 68890.19 ± 61174.24 |          0.549 |        0.014 |
| qwen3.8-flash-next |  tg512 @ d16384 (c8) |     19.74 ± 2.63 |      8.08 ± 9.56 |  142.67 ± 6.60 |    33.21 ± 18.05 |                     |                     |                     |          0.549 |        0.014 |