| model              |                 test |      t/s (total) |       t/s (req) |      peak t/s |   peak t/s (req) |           ttfr (ms) |        est_ppt (ms) |       e2e_ttft (ms) |   accept/draft |   prefix-hit |
|:-------------------|---------------------:|-----------------:|----------------:|--------------:|-----------------:|--------------------:|--------------------:|--------------------:|---------------:|-------------:|
| qwen3.8-flash-next |          pp2048 (c1) |  1139.51 ± 20.96 | 1139.51 ± 20.96 |               |                  |     1843.35 ± 32.98 |     1840.28 ± 32.98 |     1843.35 ± 32.98 |          0.588 |            0 |
| qwen3.8-flash-next |           tg512 (c1) |     51.99 ± 3.08 |    51.99 ± 3.08 |  70.00 ± 7.07 |     70.00 ± 7.07 |                     |                     |                     |          0.588 |            0 |
| qwen3.8-flash-next |          pp2048 (c2) | 1503.08 ± 128.61 |  768.19 ± 60.68 |               |                  |    2746.96 ± 211.73 |    2743.89 ± 211.73 |    2746.96 ± 211.73 |          0.539 |            0 |
| qwen3.8-flash-next |           tg512 (c2) |     71.62 ± 3.13 |    39.01 ± 2.90 |  97.67 ± 6.02 |     58.50 ± 8.81 |                     |                     |                     |          0.539 |            0 |
| qwen3.8-flash-next |          pp2048 (c4) |  1715.16 ± 72.71 |  456.93 ± 39.95 |               |                  |    4619.29 ± 338.45 |    4616.22 ± 338.45 |    4619.29 ± 338.45 |          0.581 |            0 |
| qwen3.8-flash-next |           tg512 (c4) |     98.42 ± 8.36 |    28.53 ± 2.51 | 132.67 ± 8.06 |     47.42 ± 9.30 |                     |                     |                     |          0.581 |            0 |
| qwen3.8-flash-next |          pp2048 (c8) |  2036.84 ± 16.65 |  327.02 ± 85.95 |               |                  |   6760.87 ± 1389.88 |   6757.81 ± 1389.88 |   6760.89 ± 1389.85 |          0.582 |            0 |
| qwen3.8-flash-next |           tg512 (c8) |    120.95 ± 6.23 |    19.94 ± 2.66 | 185.33 ± 7.59 |    36.12 ± 10.93 |                     |                     |                     |          0.582 |            0 |
| qwen3.8-flash-next | ctx_pp @ d16384 (c1) |  1988.08 ± 69.55 | 1988.08 ± 69.55 |               |                  |    8261.20 ± 285.47 |    8258.13 ± 285.47 |    8261.20 ± 285.47 |          0.601 |        0.434 |
| qwen3.8-flash-next | ctx_tg @ d16384 (c1) |     48.22 ± 2.54 |    48.22 ± 2.54 |  61.67 ± 2.62 |     61.67 ± 2.62 |                     |                     |                     |          0.601 |        0.434 |
| qwen3.8-flash-next | pp2048 @ d16384 (c1) |  1036.80 ± 43.78 | 1036.80 ± 43.78 |               |                  |     1982.00 ± 85.85 |     1978.94 ± 85.85 |     1982.84 ± 85.86 |          0.601 |        0.434 |
| qwen3.8-flash-next |  tg512 @ d16384 (c1) |     57.19 ± 7.03 |    57.19 ± 7.03 |  72.33 ± 6.60 |     72.33 ± 6.60 |                     |                     |                     |          0.601 |        0.434 |
| qwen3.8-flash-next | ctx_pp @ d16384 (c2) |  2107.77 ± 20.06 | 1102.90 ± 49.63 |               |                  |   14901.37 ± 671.32 |   14898.31 ± 671.32 |   14901.37 ± 671.32 |          0.566 |        0.434 |
| qwen3.8-flash-next | ctx_tg @ d16384 (c2) |     53.12 ± 4.33 |    35.57 ± 8.75 |  87.33 ± 6.24 |     51.33 ± 9.23 |                     |                     |                     |          0.566 |        0.434 |
| qwen3.8-flash-next | pp2048 @ d16384 (c2) |  1127.21 ± 13.65 |  573.86 ± 12.28 |               |                  |     3573.48 ± 76.20 |     3570.41 ± 76.20 |     3574.33 ± 76.14 |          0.566 |        0.434 |
| qwen3.8-flash-next |  tg512 @ d16384 (c2) |     73.41 ± 5.36 |    42.97 ± 4.19 |  96.00 ± 4.24 |     57.83 ± 9.21 |                     |                     |                     |          0.566 |        0.434 |
| qwen3.8-flash-next | ctx_pp @ d16384 (c4) |   2205.67 ± 9.85 | 673.73 ± 126.82 |               |                  |  25207.71 ± 4614.50 |  25204.64 ± 4614.50 |  25207.71 ± 4614.50 |          0.551 |        0.434 |
| qwen3.8-flash-next | ctx_tg @ d16384 (c4) |     45.52 ± 2.66 |    20.08 ± 8.01 | 119.33 ± 7.54 |     40.58 ± 8.53 |                     |                     |                     |          0.551 |        0.434 |
| qwen3.8-flash-next | pp2048 @ d16384 (c4) |   1223.18 ± 0.85 |  322.26 ± 21.81 |               |                  |    6385.40 ± 401.87 |    6382.33 ± 401.87 |    6385.97 ± 401.72 |          0.551 |        0.434 |
| qwen3.8-flash-next |  tg512 @ d16384 (c4) |     99.28 ± 1.95 |    29.52 ± 3.49 | 138.67 ± 6.94 |    46.08 ± 11.53 |                     |                     |                     |          0.551 |        0.434 |
| qwen3.8-flash-next | ctx_pp @ d16384 (c8) |  1958.17 ± 48.00 | 464.26 ± 172.53 |               |                  | 40730.73 ± 15108.07 | 40727.67 ± 15108.07 | 40730.76 ± 15108.04 |          0.553 |        0.027 |
| qwen3.8-flash-next | ctx_tg @ d16384 (c8) |     37.45 ± 4.98 |    10.01 ± 6.26 | 160.00 ± 2.45 |     32.08 ± 9.10 |                     |                     |                     |          0.553 |        0.027 |
| qwen3.8-flash-next | pp2048 @ d16384 (c8) |    120.12 ± 4.60 |   66.37 ± 67.03 |               |                  | 57922.40 ± 44793.71 | 57919.34 ± 44793.71 | 57922.83 ± 44793.73 |          0.553 |        0.027 |
| qwen3.8-flash-next |  tg512 @ d16384 (c8) |     23.93 ± 3.93 |     8.62 ± 8.70 | 149.33 ± 4.11 |    33.38 ± 16.90 |                     |                     |                     |          0.553 |        0.027 |