| model              |                  test |     t/s (total) |        t/s (req) |       peak t/s |   peak t/s (req) |           ttfr (ms) |        est_ppt (ms) |       e2e_ttft (ms) |   accept/draft |   prefix-hit |
|:-------------------|----------------------:|----------------:|-----------------:|---------------:|-----------------:|--------------------:|--------------------:|--------------------:|---------------:|-------------:|
| qwen3.8-flash-next |           pp2048 (c1) | 2881.16 ± 54.93 |  2881.16 ± 54.93 |                |                  |      729.16 ± 14.18 |      726.60 ± 14.18 |      729.16 ± 14.18 |          0.407 |            0 |
| qwen3.8-flash-next |            tg512 (c1) |    52.76 ± 3.54 |     52.76 ± 3.54 |   72.00 ± 3.74 |     72.00 ± 3.74 |                     |                     |                     |          0.407 |            0 |
| qwen3.8-flash-next |           pp2048 (c2) |  3332.16 ± 3.88 |   1669.94 ± 3.06 |                |                  |      1254.80 ± 1.92 |      1252.24 ± 1.92 |      1254.80 ± 1.92 |          0.429 |            0 |
| qwen3.8-flash-next |            tg512 (c2) |    92.79 ± 4.52 |     46.58 ± 2.39 |  118.33 ± 1.89 |     63.50 ± 2.81 |                     |                     |                     |          0.429 |            0 |
| qwen3.8-flash-next |           pp2048 (c4) | 3225.62 ± 60.15 | 1180.25 ± 591.92 |                |                  |    2021.91 ± 548.26 |    2019.35 ± 548.26 |    2021.91 ± 548.26 |          0.449 |            0 |
| qwen3.8-flash-next |            tg512 (c4) |   136.44 ± 6.79 |     37.08 ± 2.44 |  205.00 ± 7.87 |     55.50 ± 3.86 |                     |                     |                     |          0.449 |            0 |
| qwen3.8-flash-next |           pp2048 (c5) |  3309.69 ± 1.00 |  967.85 ± 249.68 |                |                  |    2336.30 ± 671.41 |    2333.74 ± 671.41 |    2336.30 ± 671.41 |          0.428 |            0 |
| qwen3.8-flash-next |            tg512 (c5) |   146.20 ± 2.38 |     32.85 ± 1.90 |  216.67 ± 6.94 |     51.13 ± 4.21 |                     |                     |                     |          0.428 |            0 |
| qwen3.8-flash-next |           pp2048 (c8) |  3154.99 ± 9.93 |  811.35 ± 541.90 |                |                  |   3345.09 ± 1396.92 |   3342.53 ± 1396.92 |   3345.09 ± 1396.92 |          0.442 |            0 |
| qwen3.8-flash-next |            tg512 (c8) |   185.96 ± 7.84 |     26.85 ± 2.08 | 294.33 ± 22.94 |     43.25 ± 2.95 |                     |                     |                     |          0.442 |            0 |
| qwen3.8-flash-next |          pp2048 (c10) |  3296.04 ± 9.67 |  671.12 ± 350.46 |                |                  |   4029.73 ± 1830.02 |   4027.17 ± 1830.02 |   4029.73 ± 1830.02 |          0.433 |            0 |
| qwen3.8-flash-next |           tg512 (c10) |   201.73 ± 5.94 |     23.43 ± 2.10 |  342.00 ± 6.53 |     39.60 ± 2.50 |                     |                     |                     |          0.433 |            0 |
| qwen3.8-flash-next |          pp2048 (c16) | 3230.75 ± 27.28 |  532.89 ± 535.59 |                |                  |   6068.77 ± 2938.86 |   6066.21 ± 2938.86 |   6068.77 ± 2938.86 |          0.437 |            0 |
| qwen3.8-flash-next |           tg512 (c16) |   241.11 ± 0.86 |     18.88 ± 1.99 | 454.33 ± 29.04 |     34.44 ± 2.29 |                     |                     |                     |          0.437 |            0 |
| qwen3.8-flash-next |  ctx_pp @ d16384 (c1) |  3066.17 ± 7.13 |   3066.17 ± 7.13 |                |                  |     5350.62 ± 12.43 |     5348.06 ± 12.43 |     5353.27 ± 12.35 |          0.412 |        0.329 |
| qwen3.8-flash-next |  ctx_tg @ d16384 (c1) |    53.97 ± 4.25 |     53.97 ± 4.25 |   73.67 ± 7.76 |     73.67 ± 7.76 |                     |                     |                     |          0.412 |        0.329 |
| qwen3.8-flash-next |  pp2048 @ d16384 (c1) |  783.77 ± 12.42 |   783.77 ± 12.42 |                |                  |     2616.24 ± 41.88 |     2613.68 ± 41.88 |     2616.84 ± 42.09 |          0.412 |        0.329 |
| qwen3.8-flash-next |   tg512 @ d16384 (c1) |    55.49 ± 1.35 |     55.49 ± 1.35 |   71.00 ± 4.32 |     71.00 ± 4.32 |                     |                     |                     |          0.412 |        0.329 |
| qwen3.8-flash-next |  ctx_pp @ d16384 (c2) |  3069.93 ± 4.50 | 1830.84 ± 295.27 |                |                  |   9198.05 ± 1482.85 |   9195.49 ± 1482.85 |   9199.77 ± 1482.85 |          0.407 |        0.329 |
| qwen3.8-flash-next |  ctx_tg @ d16384 (c2) |    61.38 ± 8.29 |     38.30 ± 9.88 | 106.67 ± 12.39 |    58.33 ± 10.13 |                     |                     |                     |          0.407 |        0.329 |
| qwen3.8-flash-next |  pp2048 @ d16384 (c2) |   813.03 ± 0.90 |   506.57 ± 99.71 |                |                  |    4208.35 ± 827.78 |    4205.79 ± 827.78 |    4210.69 ± 826.92 |          0.407 |        0.329 |
| qwen3.8-flash-next |   tg512 @ d16384 (c2) |    80.32 ± 2.88 |     45.22 ± 4.49 |  119.33 ± 3.30 |     62.50 ± 2.81 |                     |                     |                     |          0.407 |        0.329 |
| qwen3.8-flash-next |  ctx_pp @ d16384 (c4) |  3108.16 ± 2.65 |  960.65 ± 153.68 |                |                  |  17515.10 ± 2781.97 |  17512.54 ± 2781.97 |  17517.31 ± 2782.54 |          0.407 |        0.329 |
| qwen3.8-flash-next |  ctx_tg @ d16384 (c4) |    81.11 ± 7.70 |     27.41 ± 6.88 |  154.00 ± 9.09 |     48.42 ± 7.44 |                     |                     |                     |          0.407 |        0.329 |
| qwen3.8-flash-next |  pp2048 @ d16384 (c4) |   845.96 ± 0.94 |  298.65 ± 111.21 |                |                  |   7638.36 ± 2120.51 |   7635.80 ± 2120.51 |   7640.00 ± 2119.69 |          0.407 |        0.329 |
| qwen3.8-flash-next |   tg512 @ d16384 (c4) |   103.33 ± 2.80 |     33.24 ± 3.79 |  182.00 ± 5.35 |     50.67 ± 1.97 |                     |                     |                     |          0.407 |        0.329 |
| qwen3.8-flash-next |  ctx_pp @ d16384 (c5) | 3079.58 ± 34.25 |  803.96 ± 192.91 |                |                  |  21536.66 ± 4751.04 |  21534.10 ± 4751.04 |  21539.13 ± 4751.23 |          0.403 |        0.329 |
| qwen3.8-flash-next |  ctx_tg @ d16384 (c5) |    88.33 ± 2.84 |     25.20 ± 6.57 |  194.00 ± 0.82 |     45.80 ± 6.32 |                     |                     |                     |          0.403 |        0.329 |
| qwen3.8-flash-next |  pp2048 @ d16384 (c5) |   853.25 ± 2.41 |  257.02 ± 108.98 |                |                  |   9120.52 ± 2805.56 |   9117.96 ± 2805.56 |   9122.76 ± 2805.66 |          0.403 |        0.329 |
| qwen3.8-flash-next |   tg512 @ d16384 (c5) |   113.38 ± 3.28 |     29.77 ± 4.46 |  209.33 ± 4.50 |     47.53 ± 3.77 |                     |                     |                     |          0.403 |        0.329 |
| qwen3.8-flash-next |  ctx_pp @ d16384 (c8) |  3095.52 ± 6.10 |  630.95 ± 283.11 |                |                  | 30405.82 ± 10162.12 | 30403.26 ± 10162.12 | 30408.46 ± 10162.53 |          0.401 |        0.329 |
| qwen3.8-flash-next |  ctx_tg @ d16384 (c8) |    76.47 ± 2.10 |     18.05 ± 5.65 |  233.67 ± 6.13 |     42.25 ± 4.31 |                     |                     |                     |          0.401 |        0.329 |
| qwen3.8-flash-next |  pp2048 @ d16384 (c8) |   855.99 ± 0.22 |  199.48 ± 118.48 |                |                  |  12950.94 ± 5042.63 |  12948.38 ± 5042.63 |  12952.44 ± 5042.95 |          0.401 |        0.329 |
| qwen3.8-flash-next |   tg512 @ d16384 (c8) |   120.92 ± 0.96 |     22.18 ± 4.55 |  268.67 ± 9.46 |     42.67 ± 5.53 |                     |                     |                     |          0.401 |        0.329 |
| qwen3.8-flash-next | ctx_pp @ d16384 (c10) |  3077.34 ± 2.25 |  589.46 ± 283.39 |                |                  | 33838.69 ± 13482.96 | 33836.13 ± 13482.96 | 33841.25 ± 13482.81 |          0.405 |        0.329 |
| qwen3.8-flash-next | ctx_tg @ d16384 (c10) |    73.85 ± 3.87 |     13.82 ± 5.39 | 267.00 ± 19.95 |     37.47 ± 8.47 |                     |                     |                     |          0.405 |        0.329 |
| qwen3.8-flash-next | pp2048 @ d16384 (c10) |   853.74 ± 0.65 |  177.92 ± 115.63 |                |                  |  15176.59 ± 6567.89 |  15174.03 ± 6567.89 |  15178.42 ± 6567.98 |          0.405 |        0.329 |
| qwen3.8-flash-next |  tg512 @ d16384 (c10) |   126.12 ± 2.13 |     19.08 ± 4.45 | 301.33 ± 13.89 |     38.47 ± 3.96 |                     |                     |                     |          0.405 |        0.329 |
| qwen3.8-flash-next | ctx_pp @ d16384 (c16) |  3057.33 ± 0.58 |  451.38 ± 285.57 |                |                  | 49351.92 ± 23434.05 | 49349.36 ± 23434.05 | 49353.41 ± 23434.92 |          0.404 |        0.329 |
| qwen3.8-flash-next | ctx_tg @ d16384 (c16) |    77.10 ± 3.64 |     10.02 ± 5.22 |  365.67 ± 8.26 |     34.88 ± 5.02 |                     |                     |                     |          0.404 |        0.329 |
| qwen3.8-flash-next | pp2048 @ d16384 (c16) |   846.78 ± 0.87 |  133.95 ± 105.86 |                |                  | 22244.15 ± 10956.76 | 22241.59 ± 10956.76 | 22246.26 ± 10956.76 |          0.404 |        0.329 |
| qwen3.8-flash-next |  tg512 @ d16384 (c16) |   139.17 ± 1.16 |     14.17 ± 4.10 | 405.67 ± 13.89 |     34.10 ± 3.57 |                     |                     |                     |          0.404 |        0.329 |