| model              |                  test |      t/s (total) |        t/s (req) |       peak t/s |   peak t/s (req) |             ttfr (ms) |          est_ppt (ms) |         e2e_ttft (ms) |   accept/draft |   prefix-hit |
|:-------------------|----------------------:|-----------------:|-----------------:|---------------:|-----------------:|----------------------:|----------------------:|----------------------:|---------------:|-------------:|
| qwen3.8-flash-next |           pp2048 (c1) |  3026.54 ± 41.96 |  3026.54 ± 41.96 |                |                  |        694.03 ± 10.03 |        691.58 ± 10.03 |        694.03 ± 10.03 |          0.463 |            0 |
| qwen3.8-flash-next |            tg512 (c1) |     59.20 ± 0.58 |     59.20 ± 0.58 |   75.67 ± 3.09 |     75.67 ± 3.09 |                       |                       |                       |          0.463 |            0 |
| qwen3.8-flash-next |           pp2048 (c2) | 3016.28 ± 230.84 | 2043.19 ± 703.22 |                |                  |      1136.75 ± 325.13 |      1134.30 ± 325.13 |      1136.75 ± 325.13 |          0.456 |            0 |
| qwen3.8-flash-next |            tg512 (c2) |     91.56 ± 4.35 |     47.52 ± 2.25 |  118.67 ± 5.79 |     65.17 ± 4.88 |                       |                       |                       |          0.456 |            0 |
| qwen3.8-flash-next |           pp2048 (c4) |  3206.71 ± 59.28 | 1174.41 ± 583.47 |                |                  |      2030.14 ± 552.62 |      2027.69 ± 552.62 |      2030.14 ± 552.62 |          0.457 |            0 |
| qwen3.8-flash-next |            tg512 (c4) |    135.33 ± 5.18 |     36.19 ± 1.47 |  181.33 ± 5.73 |     52.50 ± 2.47 |                       |                       |                       |          0.457 |            0 |
| qwen3.8-flash-next |           pp2048 (c5) |  3147.38 ± 95.01 | 1131.46 ± 752.36 |                |                  |      2346.90 ± 822.75 |      2344.45 ± 822.75 |      2346.90 ± 822.75 |          0.436 |            0 |
| qwen3.8-flash-next |            tg512 (c5) |    138.70 ± 7.50 |     31.22 ± 1.48 |  207.00 ± 0.82 |     49.07 ± 4.27 |                       |                       |                       |          0.436 |            0 |
| qwen3.8-flash-next |           pp2048 (c8) |   3141.19 ± 7.76 |  810.46 ± 542.96 |                |                  |     3352.74 ± 1403.15 |     3350.28 ± 1403.15 |     3352.74 ± 1403.15 |          0.442 |            0 |
| qwen3.8-flash-next |            tg512 (c8) |    175.66 ± 5.60 |     24.96 ± 1.87 |  269.33 ± 7.13 |     41.12 ± 2.63 |                       |                       |                       |          0.442 |            0 |
| qwen3.8-flash-next |          pp2048 (c10) |  3226.95 ± 41.15 |  740.17 ± 654.28 |                |                  |     4087.57 ± 1834.08 |     4085.12 ± 1834.08 |     4087.57 ± 1834.08 |          0.429 |            0 |
| qwen3.8-flash-next |           tg512 (c10) |    179.15 ± 0.34 |     21.57 ± 1.91 | 324.33 ± 28.67 |     38.17 ± 3.76 |                       |                       |                       |          0.429 |            0 |
| qwen3.8-flash-next |          pp2048 (c16) |  3219.10 ± 27.17 |  546.43 ± 569.85 |                |                  |     6052.47 ± 2972.44 |     6050.01 ± 2972.44 |     6052.47 ± 2972.44 |          0.439 |            0 |
| qwen3.8-flash-next |           tg512 (c16) |    224.06 ± 3.56 |     17.18 ± 1.72 |  413.67 ± 6.24 |     32.33 ± 2.50 |                       |                       |                       |          0.439 |            0 |
| qwen3.8-flash-next |  ctx_pp @ d16384 (c1) |   3056.54 ± 2.67 |   3056.54 ± 2.67 |                |                  |        5367.35 ± 4.68 |        5364.90 ± 4.68 |        5367.35 ± 4.68 |          0.406 |        0.329 |
| qwen3.8-flash-next |  ctx_tg @ d16384 (c1) |     54.06 ± 0.60 |     54.06 ± 0.60 |   70.00 ± 1.63 |     70.00 ± 1.63 |                       |                       |                       |          0.406 |        0.329 |
| qwen3.8-flash-next |  pp2048 @ d16384 (c1) |    787.85 ± 1.18 |    787.85 ± 1.18 |                |                  |        2601.93 ± 3.89 |        2599.47 ± 3.89 |        2602.48 ± 3.23 |          0.406 |        0.329 |
| qwen3.8-flash-next |   tg512 @ d16384 (c1) |     56.75 ± 2.00 |     56.75 ± 2.00 |   71.33 ± 1.70 |     71.33 ± 1.70 |                       |                       |                       |          0.406 |        0.329 |
| qwen3.8-flash-next |  ctx_pp @ d16384 (c2) |   3048.67 ± 1.17 | 1819.97 ± 295.20 |                |                  |     9255.82 ± 1500.82 |     9253.36 ± 1500.82 |     9256.67 ± 1500.62 |          0.412 |        0.329 |
| qwen3.8-flash-next |  ctx_tg @ d16384 (c2) |     46.13 ± 4.59 |    33.75 ± 17.59 |  89.33 ± 17.21 |    55.33 ± 14.57 |                       |                       |                       |          0.412 |        0.329 |
| qwen3.8-flash-next |  pp2048 @ d16384 (c2) |    808.05 ± 2.47 |   503.23 ± 98.94 |                |                  |      4235.80 ± 832.30 |      4233.34 ± 832.30 |      4236.97 ± 832.20 |          0.412 |        0.329 |
| qwen3.8-flash-next |   tg512 @ d16384 (c2) |     81.50 ± 1.72 |     44.96 ± 2.87 |  117.67 ± 3.86 |     64.00 ± 2.89 |                       |                       |                       |          0.412 |        0.329 |
| qwen3.8-flash-next |  ctx_pp @ d16384 (c4) |   3087.57 ± 3.57 |  954.67 ± 152.90 |                |                  |    17625.84 ± 2803.31 |    17623.38 ± 2803.31 |    17627.86 ± 2804.55 |          0.404 |        0.329 |
| qwen3.8-flash-next |  ctx_tg @ d16384 (c4) |     80.15 ± 1.48 |     27.45 ± 5.64 |  160.67 ± 2.36 |     47.67 ± 5.59 |                       |                       |                       |          0.404 |        0.329 |
| qwen3.8-flash-next |  pp2048 @ d16384 (c4) |    841.49 ± 0.58 |  297.52 ± 111.32 |                |                  |     7674.35 ± 2137.74 |     7671.89 ± 2137.74 |     7675.26 ± 2137.01 |          0.404 |        0.329 |
| qwen3.8-flash-next |   tg512 @ d16384 (c4) |    100.37 ± 1.76 |     31.87 ± 3.99 |  176.33 ± 0.47 |     51.50 ± 3.07 |                       |                       |                       |          0.404 |        0.329 |
| qwen3.8-flash-next |  ctx_pp @ d16384 (c5) |   3083.32 ± 1.50 |  804.86 ± 192.64 |                |                  |    21507.03 ± 4733.09 |    21504.58 ± 4733.09 |    21509.95 ± 4733.18 |          0.408 |        0.329 |
| qwen3.8-flash-next |  ctx_tg @ d16384 (c5) |     77.52 ± 6.46 |     23.77 ± 8.19 |  165.33 ± 6.80 |     47.33 ± 8.06 |                       |                       |                       |          0.408 |        0.329 |
| qwen3.8-flash-next |  pp2048 @ d16384 (c5) |    850.09 ± 0.73 |  254.74 ± 118.01 |                |                  |     9321.16 ± 2860.16 |     9318.70 ± 2860.16 |     9323.61 ± 2860.18 |          0.408 |        0.329 |
| qwen3.8-flash-next |   tg512 @ d16384 (c5) |    106.57 ± 0.18 |     28.70 ± 3.82 | 205.67 ± 10.40 |     48.33 ± 3.55 |                       |                       |                       |          0.408 |        0.329 |
| qwen3.8-flash-next |  ctx_pp @ d16384 (c8) |   3071.54 ± 1.72 |  634.55 ± 279.66 |                |                  |   30192.03 ± 10221.30 |   30189.58 ± 10221.30 |   30195.04 ± 10221.79 |          0.395 |        0.329 |
| qwen3.8-flash-next |  ctx_tg @ d16384 (c8) |     77.70 ± 2.88 |     16.90 ± 5.73 |  225.67 ± 1.89 |     39.71 ± 6.65 |                       |                       |                       |          0.395 |        0.329 |
| qwen3.8-flash-next |  pp2048 @ d16384 (c8) |    849.48 ± 0.41 |  198.17 ± 117.68 |                |                  |    13039.32 ± 5082.32 |    13036.87 ± 5082.32 |    13041.33 ± 5081.95 |          0.395 |        0.329 |
| qwen3.8-flash-next |   tg512 @ d16384 (c8) |    115.11 ± 2.34 |     20.67 ± 3.95 | 246.33 ± 11.81 |     39.38 ± 3.07 |                       |                       |                       |          0.395 |        0.329 |
| qwen3.8-flash-next | ctx_pp @ d16384 (c10) |  3045.72 ± 18.00 |  585.75 ± 282.31 |                |                  |   34103.30 ± 13654.13 |   34100.85 ± 13654.13 |   34105.09 ± 13654.77 |          0.406 |        0.329 |
| qwen3.8-flash-next | ctx_tg @ d16384 (c10) |     67.11 ± 6.78 |     12.84 ± 6.58 |  245.67 ± 6.34 |     37.43 ± 9.70 |                       |                       |                       |          0.406 |        0.329 |
| qwen3.8-flash-next | pp2048 @ d16384 (c10) |    844.93 ± 2.62 |  175.52 ± 113.48 |                |                  |    15350.10 ± 6623.44 |    15347.65 ± 6623.44 |    15351.31 ± 6622.85 |          0.406 |        0.329 |
| qwen3.8-flash-next |  tg512 @ d16384 (c10) |    120.21 ± 1.57 |     17.91 ± 3.84 | 281.00 ± 13.06 |     36.90 ± 3.97 |                       |                       |                       |          0.406 |        0.329 |
| qwen3.8-flash-next | ctx_pp @ d16384 (c16) |   3038.25 ± 0.70 |  449.70 ± 284.96 |                |                  |   49594.96 ± 23599.10 |   49592.50 ± 23599.10 |   49596.43 ± 23599.55 |          0.404 |        0.329 |
| qwen3.8-flash-next | ctx_tg @ d16384 (c16) |     74.62 ± 1.90 |      9.32 ± 4.60 |  331.00 ± 6.98 |     31.17 ± 6.52 |                       |                       |                       |          0.404 |        0.329 |
| qwen3.8-flash-next | pp2048 @ d16384 (c16) |    842.51 ± 0.42 |  133.91 ± 106.41 |                |                  |   22321.42 ± 11029.06 |   22318.97 ± 11029.06 |   22324.28 ± 11029.38 |          0.404 |        0.329 |
| qwen3.8-flash-next |  tg512 @ d16384 (c16) |    132.78 ± 0.69 |     13.14 ± 3.50 | 370.67 ± 10.21 |     31.65 ± 3.71 |                       |                       |                       |          0.404 |        0.329 |
| qwen3.8-flash-next |  ctx_pp @ d65536 (c1) |   2778.46 ± 3.30 |   2778.46 ± 3.30 |                |                  |      23594.66 ± 28.02 |      23592.20 ± 28.02 |      23597.34 ± 28.14 |          0.409 |        0.452 |
| qwen3.8-flash-next |  ctx_tg @ d65536 (c1) |     53.60 ± 3.26 |     53.60 ± 3.26 |   75.33 ± 6.18 |     75.33 ± 6.18 |                       |                       |                       |          0.409 |        0.452 |
| qwen3.8-flash-next |  pp2048 @ d65536 (c1) |    593.51 ± 1.89 |    593.51 ± 1.89 |                |                  |       3453.14 ± 10.99 |       3450.69 ± 10.99 |       3456.82 ± 13.58 |          0.409 |        0.452 |
| qwen3.8-flash-next |   tg512 @ d65536 (c1) |     56.80 ± 3.71 |     56.80 ± 3.71 |   73.33 ± 7.04 |     73.33 ± 7.04 |                       |                       |                       |          0.409 |        0.452 |
| qwen3.8-flash-next |  ctx_pp @ d65536 (c2) |   2777.60 ± 3.68 |  1468.39 ± 79.39 |                |                  |    44774.06 ± 2420.48 |    44771.61 ± 2420.48 |    44779.40 ± 2419.47 |          0.396 |        0.452 |
| qwen3.8-flash-next |  ctx_tg @ d65536 (c2) |     38.15 ± 1.51 |    31.39 ± 13.42 |   96.67 ± 3.09 |     54.33 ± 8.84 |                       |                       |                       |          0.396 |        0.452 |
| qwen3.8-flash-next |  pp2048 @ d65536 (c2) |    613.04 ± 1.94 |   381.35 ± 74.44 |                |                  |     5585.60 ± 1089.77 |     5583.14 ± 1089.77 |     5592.60 ± 1087.90 |          0.396 |        0.452 |
| qwen3.8-flash-next |   tg512 @ d65536 (c2) |     73.28 ± 3.64 |     41.11 ± 3.16 |  113.00 ± 4.32 |     59.67 ± 4.15 |                       |                       |                       |          0.396 |        0.452 |
| qwen3.8-flash-next |  ctx_pp @ d65536 (c4) |   2710.48 ± 1.68 |  986.72 ± 300.66 |                |                  |   73219.57 ± 22282.31 |   73217.11 ± 22282.31 |   73224.87 ± 22282.43 |          0.405 |        0.452 |
| qwen3.8-flash-next |  ctx_tg @ d65536 (c4) |     27.55 ± 2.75 |    19.08 ± 10.70 | 137.33 ± 12.36 |     48.09 ± 9.03 |                       |                       |                       |          0.405 |        0.452 |
| qwen3.8-flash-next |  pp2048 @ d65536 (c4) |    636.63 ± 0.51 |   226.76 ± 84.85 |                |                  |    10074.66 ± 2825.97 |    10072.21 ± 2825.97 |    10077.11 ± 2823.78 |          0.405 |        0.452 |
| qwen3.8-flash-next |   tg512 @ d65536 (c4) |     88.90 ± 4.27 |     31.12 ± 5.15 |  182.33 ± 4.19 |     49.42 ± 3.09 |                       |                       |                       |          0.405 |        0.452 |
| qwen3.8-flash-next |  ctx_pp @ d65536 (c5) |   2686.99 ± 0.94 |  874.24 ± 320.97 |                |                  |   85296.96 ± 28412.25 |   85294.50 ± 28412.25 |   85299.90 ± 28412.50 |          0.421 |        0.452 |
| qwen3.8-flash-next |  ctx_tg @ d65536 (c5) |     22.92 ± 0.25 |    12.21 ± 10.68 |  162.33 ± 6.85 |     46.33 ± 9.98 |                       |                       |                       |          0.421 |        0.452 |
| qwen3.8-flash-next |  pp2048 @ d65536 (c5) |    642.71 ± 0.20 |   193.59 ± 89.98 |                |                  |    12283.23 ± 3798.60 |    12280.77 ± 3798.60 |    12286.62 ± 3797.46 |          0.421 |        0.452 |
| qwen3.8-flash-next |   tg512 @ d65536 (c5) |     93.11 ± 2.36 |     27.78 ± 5.35 |  191.00 ± 5.66 |     46.27 ± 3.00 |                       |                       |                       |          0.421 |        0.452 |
| qwen3.8-flash-next |  ctx_pp @ d65536 (c8) |   2658.38 ± 5.61 |  556.39 ± 238.93 |                |                  |  136951.91 ± 46079.01 |  136949.45 ± 46079.01 |  136954.38 ± 46080.37 |          0.409 |        0.452 |
| qwen3.8-flash-next |  ctx_tg @ d65536 (c8) |     20.60 ± 1.54 |      8.54 ± 6.82 | 199.00 ± 16.75 |    36.67 ± 15.12 |                       |                       |                       |          0.409 |        0.452 |
| qwen3.8-flash-next |  pp2048 @ d65536 (c8) |    642.59 ± 0.44 |   150.77 ± 90.15 |                |                  |    17173.84 ± 6706.54 |    17171.38 ± 6706.54 |    17177.46 ± 6707.38 |          0.409 |        0.452 |
| qwen3.8-flash-next |   tg512 @ d65536 (c8) |     99.94 ± 1.45 |     19.12 ± 4.28 |  247.00 ± 4.32 |     38.71 ± 3.70 |                       |                       |                       |          0.409 |        0.452 |
| qwen3.8-flash-next | ctx_pp @ d65536 (c10) |   2638.20 ± 0.48 |  514.78 ± 242.03 |                |                  |  154117.29 ± 61143.01 |  154114.84 ± 61143.01 |  154120.80 ± 61144.92 |          0.402 |        0.452 |
| qwen3.8-flash-next | ctx_tg @ d65536 (c10) |     19.89 ± 4.15 |      6.22 ± 6.62 | 220.67 ± 17.93 |    34.83 ± 12.56 |                       |                       |                       |          0.402 |        0.452 |
| qwen3.8-flash-next | pp2048 @ d65536 (c10) |    641.56 ± 0.49 |   134.41 ± 87.89 |                |                  |    20128.64 ± 8718.76 |    20126.18 ± 8718.76 |    20131.15 ± 8719.67 |          0.402 |        0.452 |
| qwen3.8-flash-next |  tg512 @ d65536 (c10) |    102.24 ± 0.65 |     16.01 ± 4.26 | 277.33 ± 16.42 |     35.13 ± 3.17 |                       |                       |                       |          0.402 |        0.452 |
| qwen3.8-flash-next | ctx_pp @ d65536 (c16) |   2597.54 ± 1.99 |  389.22 ± 247.18 |                |                  | 229265.31 ± 108930.60 | 229262.85 ± 108930.60 | 229269.05 ± 108932.66 |          0.411 |        0.452 |
| qwen3.8-flash-next | ctx_tg @ d65536 (c16) |     19.97 ± 0.46 |      4.50 ± 5.04 | 283.00 ± 12.36 |    31.65 ± 11.93 |                       |                       |                       |          0.411 |        0.452 |
| qwen3.8-flash-next | pp2048 @ d65536 (c16) |    638.36 ± 0.38 |   101.61 ± 81.01 |                |                  |   29432.62 ± 14519.51 |   29430.16 ± 14519.51 |   29434.94 ± 14519.52 |          0.411 |        0.452 |
| qwen3.8-flash-next |  tg512 @ d65536 (c16) |    110.48 ± 0.08 |     11.56 ± 3.66 |  345.67 ± 8.18 |     30.58 ± 3.00 |                       |                       |                       |          0.411 |        0.452 |