| model              |                 test |     t/s (total) |       t/s (req) |       peak t/s |   peak t/s (req) |           ttfr (ms) |        est_ppt (ms) |       e2e_ttft (ms) |   accept/draft |   prefix-hit |
|:-------------------|---------------------:|----------------:|----------------:|---------------:|-----------------:|--------------------:|--------------------:|--------------------:|---------------:|-------------:|
| qwen3.8-flash-next |          pp2048 (c1) | 1766.50 ± 29.47 | 1766.50 ± 29.47 |                |                  |     1190.33 ± 19.33 |     1187.22 ± 19.33 |     1190.33 ± 19.33 |          0.599 |            0 |
| qwen3.8-flash-next |           tg512 (c1) |    54.99 ± 3.09 |    54.99 ± 3.09 |   70.67 ± 5.79 |     70.67 ± 5.79 |                     |                     |                     |          0.599 |            0 |
| qwen3.8-flash-next |          pp2048 (c2) | 2036.81 ± 13.97 |  1020.15 ± 7.13 |                |                  |     2056.66 ± 12.46 |     2053.55 ± 12.46 |     2056.66 ± 12.46 |          0.567 |            0 |
| qwen3.8-flash-next |           tg512 (c2) |    76.49 ± 9.05 |    40.52 ± 3.42 |  97.33 ± 15.17 |     55.17 ± 8.53 |                     |                     |                     |          0.567 |            0 |
| qwen3.8-flash-next |          pp2048 (c4) | 2063.41 ± 21.11 |  556.09 ± 24.21 |                |                  |    3779.15 ± 168.74 |    3776.04 ± 168.74 |    3779.16 ± 168.77 |          0.566 |            0 |
| qwen3.8-flash-next |           tg512 (c4) |    99.83 ± 2.94 |    29.88 ± 3.14 |  132.67 ± 4.78 |     45.58 ± 8.66 |                     |                     |                     |          0.566 |            0 |
| qwen3.8-flash-next |          pp2048 (c8) | 2156.24 ± 45.40 | 350.99 ± 100.00 |                |                  |   6344.15 ± 1366.41 |   6341.04 ± 1366.41 |   6344.15 ± 1366.41 |          0.578 |            0 |
| qwen3.8-flash-next |           tg512 (c8) |   130.18 ± 9.12 |    21.32 ± 2.47 |  200.00 ± 3.27 |     37.17 ± 9.08 |                     |                     |                     |          0.578 |            0 |
| qwen3.8-flash-next | ctx_pp @ d16384 (c1) | 2102.61 ± 40.28 | 2102.61 ± 40.28 |                |                  |    7804.55 ± 149.71 |    7801.44 ± 149.71 |    7804.55 ± 149.71 |          0.579 |        0.434 |
| qwen3.8-flash-next | ctx_tg @ d16384 (c1) |    46.59 ± 4.48 |    46.59 ± 4.48 |   57.67 ± 9.29 |     57.67 ± 9.29 |                     |                     |                     |          0.579 |        0.434 |
| qwen3.8-flash-next | pp2048 @ d16384 (c1) | 1044.85 ± 15.08 | 1044.85 ± 15.08 |                |                  |     1963.60 ± 28.18 |     1960.49 ± 28.18 |     1965.11 ± 28.58 |          0.579 |        0.434 |
| qwen3.8-flash-next |  tg512 @ d16384 (c1) |    54.56 ± 4.16 |    54.56 ± 4.16 |   70.33 ± 8.81 |     70.33 ± 8.81 |                     |                     |                     |          0.579 |        0.434 |
| qwen3.8-flash-next | ctx_pp @ d16384 (c2) | 2152.60 ± 13.85 | 1125.92 ± 50.09 |                |                  |   14595.95 ± 648.50 |   14592.84 ± 648.50 |   14596.08 ± 648.40 |          0.563 |        0.434 |
| qwen3.8-flash-next | ctx_tg @ d16384 (c2) |    57.23 ± 5.63 |    36.97 ± 5.42 |   84.67 ± 5.25 |     52.50 ± 9.50 |                     |                     |                     |          0.563 |        0.434 |
| qwen3.8-flash-next | pp2048 @ d16384 (c2) |  1130.11 ± 8.64 |  574.97 ± 10.31 |                |                  |     3566.15 ± 63.88 |     3563.04 ± 63.88 |     3566.56 ± 63.70 |          0.563 |        0.434 |
| qwen3.8-flash-next |  tg512 @ d16384 (c2) |    76.33 ± 8.69 |    43.25 ± 3.60 |  102.67 ± 5.19 |     58.67 ± 7.63 |                     |                     |                     |          0.563 |        0.434 |
| qwen3.8-flash-next | ctx_pp @ d16384 (c4) |  2197.82 ± 0.46 | 671.81 ± 126.76 |                |                  |  25284.48 ± 4640.63 |  25281.37 ± 4640.63 |  25284.62 ± 4640.44 |          0.557 |        0.434 |
| qwen3.8-flash-next | ctx_tg @ d16384 (c4) |    42.59 ± 4.47 |   21.50 ± 10.13 |  129.00 ± 6.38 |    43.33 ± 10.15 |                     |                     |                     |          0.557 |        0.434 |
| qwen3.8-flash-next | pp2048 @ d16384 (c4) |  1219.48 ± 1.20 |  320.80 ± 21.40 |                |                  |    6413.59 ± 397.96 |    6410.48 ± 397.96 |    6414.57 ± 397.65 |          0.557 |        0.434 |
| qwen3.8-flash-next |  tg512 @ d16384 (c4) |    98.99 ± 1.88 |    33.31 ± 4.79 |  145.00 ± 4.55 |    50.42 ± 12.67 |                     |                     |                     |          0.557 |        0.434 |
| qwen3.8-flash-next | ctx_pp @ d16384 (c8) | 1983.61 ± 42.02 | 462.08 ± 170.25 |                |                  | 40786.21 ± 14886.11 | 40783.10 ± 14886.11 | 40786.21 ± 14886.11 |          0.548 |        0.041 |
| qwen3.8-flash-next | ctx_tg @ d16384 (c8) |    29.04 ± 5.09 |     8.74 ± 6.11 | 165.67 ± 10.53 |    32.96 ± 11.85 |                     |                     |                     |          0.548 |        0.041 |
| qwen3.8-flash-next | pp2048 @ d16384 (c8) |   119.10 ± 4.11 |   60.97 ± 60.52 |                |                  | 58982.46 ± 44646.33 | 58979.36 ± 44646.33 | 58983.24 ± 44646.50 |          0.548 |        0.041 |
| qwen3.8-flash-next |  tg512 @ d16384 (c8) |    22.10 ± 2.04 |    8.97 ± 10.92 |  146.33 ± 6.80 |    32.42 ± 18.85 |                     |                     |                     |          0.548 |        0.041 |