| model              |                 test |      t/s (total) |       t/s (req) |       peak t/s |   peak t/s (req) |           ttfr (ms) |        est_ppt (ms) |       e2e_ttft (ms) |   accept/draft |   prefix-hit |
|:-------------------|---------------------:|-----------------:|----------------:|---------------:|-----------------:|--------------------:|--------------------:|--------------------:|---------------:|-------------:|
| qwen3.8-flash-next |          pp2048 (c1) |  1781.98 ± 62.67 | 1781.98 ± 62.67 |                |                  |     1179.76 ± 39.82 |     1177.25 ± 39.82 |     1179.90 ± 39.95 |           0.58 |            0 |
| qwen3.8-flash-next |           tg512 (c1) |     56.93 ± 1.62 |    56.93 ± 1.62 |   71.33 ± 2.05 |     71.33 ± 2.05 |                     |                     |                     |           0.58 |            0 |
| qwen3.8-flash-next |          pp2048 (c2) | 1977.69 ± 110.52 | 1019.43 ± 52.58 |                |                  |    2063.44 ± 113.70 |    2060.92 ± 113.70 |    2063.44 ± 113.70 |          0.586 |            0 |
| qwen3.8-flash-next |           tg512 (c2) |     80.37 ± 8.19 |    44.81 ± 3.88 |  102.33 ± 9.98 |     63.83 ± 8.95 |                     |                     |                     |          0.586 |            0 |
| qwen3.8-flash-next |          pp2048 (c4) |   2052.85 ± 4.86 |  553.38 ± 23.38 |                |                  |    3796.55 ± 165.49 |    3794.04 ± 165.49 |    3796.55 ± 165.49 |          0.596 |            0 |
| qwen3.8-flash-next |           tg512 (c4) |    106.23 ± 4.49 |    32.23 ± 4.24 |  152.67 ± 6.85 |    49.00 ± 12.61 |                     |                     |                     |          0.596 |            0 |
| qwen3.8-flash-next |          pp2048 (c8) |  2156.69 ± 25.89 | 350.44 ± 100.32 |                |                  |   6351.06 ± 1356.06 |   6348.55 ± 1356.06 |   6351.11 ± 1356.05 |          0.611 |            0 |
| qwen3.8-flash-next |           tg512 (c8) |    132.92 ± 3.42 |    22.60 ± 3.22 |  209.33 ± 8.99 |    39.92 ± 11.83 |                     |                     |                     |          0.611 |            0 |
| qwen3.8-flash-next | ctx_pp @ d16384 (c1) |  2079.49 ± 10.28 | 2079.49 ± 10.28 |                |                  |     7888.29 ± 39.10 |     7885.78 ± 39.10 |     7889.43 ± 39.64 |          0.581 |        0.434 |
| qwen3.8-flash-next | ctx_tg @ d16384 (c1) |     52.41 ± 3.33 |    52.41 ± 3.33 |   62.00 ± 7.79 |     62.00 ± 7.79 |                     |                     |                     |          0.581 |        0.434 |
| qwen3.8-flash-next | pp2048 @ d16384 (c1) |  1048.41 ± 23.49 | 1048.41 ± 23.49 |                |                  |     1956.93 ± 44.14 |     1954.42 ± 44.14 |     1958.05 ± 44.81 |          0.581 |        0.434 |
| qwen3.8-flash-next |  tg512 @ d16384 (c1) |     59.71 ± 5.14 |    59.71 ± 5.14 |   76.00 ± 9.93 |     76.00 ± 9.93 |                     |                     |                     |          0.581 |        0.434 |
| qwen3.8-flash-next | ctx_pp @ d16384 (c2) |  2160.63 ± 24.08 | 1130.78 ± 51.59 |                |                  |   14534.19 ± 663.70 |   14531.68 ± 663.70 |   14535.53 ± 663.91 |           0.53 |        0.434 |
| qwen3.8-flash-next | ctx_tg @ d16384 (c2) |     54.88 ± 4.51 |    37.09 ± 5.73 |   91.00 ± 3.74 |    56.33 ± 13.17 |                     |                     |                     |           0.53 |        0.434 |
| qwen3.8-flash-next | pp2048 @ d16384 (c2) |  1143.92 ± 10.63 |  582.25 ± 11.01 |                |                  |     3521.13 ± 66.56 |     3518.62 ± 66.56 |     3522.15 ± 66.92 |           0.53 |        0.434 |
| qwen3.8-flash-next |  tg512 @ d16384 (c2) |     80.38 ± 9.78 |    45.30 ± 3.62 | 107.33 ± 14.70 |     61.17 ± 7.20 |                     |                     |                     |           0.53 |        0.434 |
| qwen3.8-flash-next | ctx_pp @ d16384 (c4) |   2196.80 ± 2.12 | 671.97 ± 127.21 |                |                  |  25284.22 ± 4655.61 |  25281.71 ± 4655.61 |  25285.05 ± 4655.47 |          0.563 |        0.434 |
| qwen3.8-flash-next | ctx_tg @ d16384 (c4) |     45.32 ± 3.36 |   23.88 ± 12.24 |  129.33 ± 2.36 |    46.17 ± 14.10 |                     |                     |                     |          0.563 |        0.434 |
| qwen3.8-flash-next | pp2048 @ d16384 (c4) |   1216.87 ± 8.43 |  319.96 ± 21.43 |                |                  |    6430.13 ± 400.93 |    6427.62 ± 400.93 |    6431.17 ± 400.03 |          0.563 |        0.434 |
| qwen3.8-flash-next |  tg512 @ d16384 (c4) |    101.00 ± 4.67 |    34.21 ± 3.45 |  153.33 ± 5.73 |    53.17 ± 15.18 |                     |                     |                     |          0.563 |        0.434 |
| qwen3.8-flash-next | ctx_pp @ d16384 (c8) |   2185.69 ± 1.16 | 454.15 ± 171.74 |                |                  | 41362.33 ± 14176.09 | 41359.82 ± 14176.09 | 41362.97 ± 14176.15 |           0.57 |        0.434 |
| qwen3.8-flash-next | ctx_tg @ d16384 (c8) |     40.06 ± 3.72 |    11.70 ± 7.10 |  192.67 ± 0.47 |     34.92 ± 7.36 |                     |                     |                     |           0.57 |        0.434 |
| qwen3.8-flash-next | pp2048 @ d16384 (c8) |   1261.33 ± 0.55 |  208.79 ± 67.64 |                |                  |  10650.78 ± 2659.67 |  10648.27 ± 2659.67 |  10651.21 ± 2659.36 |           0.57 |        0.434 |
| qwen3.8-flash-next |  tg512 @ d16384 (c8) |    120.32 ± 4.67 |    21.99 ± 3.65 |  222.00 ± 3.74 |     37.96 ± 8.30 |                     |                     |                     |           0.57 |        0.434 |