setup,boot,unit,hosts,cell,rc,window_s,watts,watts_per_spark,metric,value,sd,n,tok_s_per_w
1x-v2.2.0,1,1x-b1-dgx01,dgx01,idle,0,120.0,9.42,dgx01=9.42,idle,,,0,
1x-v2.2.0,1,1x-b1-dgx02,dgx02,idle,0,120.0,9.93,dgx02=9.93,idle,,,0,
1x-v2.2.0,1,1x-b1-dgx02,dgx02,tgdef-c1,0,30.5,23.8,dgx02=23.80,tg_tok_s,56.446,3.233,3,2.3713
1x-v2.2.0,1,1x-b1-dgx02,dgx02,tgdef-c1,0,30.5,23.8,dgx02=23.80,tg_req_tok_s,56.446,3.233,3,
1x-v2.2.0,1,1x-b1-dgx02,dgx02,tgdef-c1,0,30.5,23.8,dgx02=23.80,pp_tok_s,1736.625,12.416,3,
1x-v2.2.0,1,1x-b1-dgx02,dgx02,tgdef-c1,0,30.5,23.8,dgx02=23.80,ttft_ms,1211.638,7.928,3,
1x-v2.2.0,1,1x-b1-dgx02,dgx02,tgdef-c1,0,30.5,23.8,dgx02=23.80,accept_per_draft,0.583,0.0,1,
1x-v2.2.0,1,1x-b1-dgx01,dgx01,tgdef-c1,0,33.7,24.67,dgx01=24.67,tg_tok_s,58.578,0.469,3,2.3744
1x-v2.2.0,1,1x-b1-dgx01,dgx01,tgdef-c1,0,33.7,24.67,dgx01=24.67,tg_req_tok_s,58.578,0.469,3,
1x-v2.2.0,1,1x-b1-dgx01,dgx01,tgdef-c1,0,33.7,24.67,dgx01=24.67,pp_tok_s,1772.106,11.622,3,
1x-v2.2.0,1,1x-b1-dgx01,dgx01,tgdef-c1,0,33.7,24.67,dgx01=24.67,ttft_ms,1185.966,7.181,3,
1x-v2.2.0,1,1x-b1-dgx01,dgx01,tgdef-c1,0,33.7,24.67,dgx01=24.67,accept_per_draft,0.594,0.0,1,
1x-v2.2.0,1,1x-b1-dgx01,dgx01,tgdef-c8,0,120.3,29.29,dgx01=29.29,tg_tok_s,140.331,5.227,3,4.7919
1x-v2.2.0,1,1x-b1-dgx01,dgx01,tgdef-c8,0,120.3,29.29,dgx01=29.29,tg_req_tok_s,21.869,2.083,24,
1x-v2.2.0,1,1x-b1-dgx01,dgx01,tgdef-c8,0,120.3,29.29,dgx01=29.29,pp_tok_s,2122.23,20.541,3,
1x-v2.2.0,1,1x-b1-dgx01,dgx01,tgdef-c8,0,120.3,29.29,dgx01=29.29,ttft_ms,6507.864,1418.426,24,
1x-v2.2.0,1,1x-b1-dgx01,dgx01,tgdef-c8,0,120.3,29.29,dgx01=29.29,accept_per_draft,0.619,0.0,1,
1x-v2.2.0,1,1x-b1-dgx02,dgx02,tgdef-c8,0,124.9,28.2,dgx02=28.20,tg_tok_s,135.365,12.157,3,4.8009
1x-v2.2.0,1,1x-b1-dgx02,dgx02,tgdef-c8,0,124.9,28.2,dgx02=28.20,tg_req_tok_s,21.73,2.235,24,
1x-v2.2.0,1,1x-b1-dgx02,dgx02,tgdef-c8,0,124.9,28.2,dgx02=28.20,pp_tok_s,2099.404,23.209,3,
1x-v2.2.0,1,1x-b1-dgx02,dgx02,tgdef-c8,0,124.9,28.2,dgx02=28.20,ttft_ms,6466.264,1504.605,24,
1x-v2.2.0,1,1x-b1-dgx02,dgx02,tgdef-c8,0,124.9,28.2,dgx02=28.20,accept_per_draft,0.605,0.0,1,
1x-v2.2.0,1,1x-b1-dgx02,dgx02,tgt0-c1,0,28.9,25.24,dgx02=25.24,tg_tok_s,72.967,7.017,3,2.8907
1x-v2.2.0,1,1x-b1-dgx02,dgx02,tgt0-c1,0,28.9,25.24,dgx02=25.24,tg_req_tok_s,72.967,7.017,3,
1x-v2.2.0,1,1x-b1-dgx02,dgx02,tgt0-c1,0,28.9,25.24,dgx02=25.24,pp_tok_s,1826.301,134.83,3,
1x-v2.2.0,1,1x-b1-dgx02,dgx02,tgt0-c1,0,28.9,25.24,dgx02=25.24,ttft_ms,1157.438,82.042,3,
1x-v2.2.0,1,1x-b1-dgx02,dgx02,tgt0-c1,0,28.9,25.24,dgx02=25.24,accept_per_draft,0.785,0.0,1,
1x-v2.2.0,1,1x-b1-dgx01,dgx01,tgt0-c1,0,32.7,25.86,dgx01=25.86,tg_tok_s,76.01,5.112,3,2.9398
1x-v2.2.0,1,1x-b1-dgx01,dgx01,tgt0-c1,0,32.7,25.86,dgx01=25.86,tg_req_tok_s,76.01,5.112,3,
1x-v2.2.0,1,1x-b1-dgx01,dgx01,tgt0-c1,0,32.7,25.86,dgx01=25.86,pp_tok_s,1797.623,1.712,3,
1x-v2.2.0,1,1x-b1-dgx01,dgx01,tgt0-c1,0,32.7,25.86,dgx01=25.86,ttft_ms,1171.507,1.953,3,
1x-v2.2.0,1,1x-b1-dgx01,dgx01,tgt0-c1,0,32.7,25.86,dgx01=25.86,accept_per_draft,0.849,0.0,1,
1x-v2.2.0,1,1x-b1-dgx02,dgx02,tgt0-c8,0,109.9,29.05,dgx02=29.05,tg_tok_s,134.814,4.376,3,4.6409
1x-v2.2.0,1,1x-b1-dgx02,dgx02,tgt0-c8,0,109.9,29.05,dgx02=29.05,tg_req_tok_s,22.983,5.829,24,
1x-v2.2.0,1,1x-b1-dgx02,dgx02,tgt0-c8,0,109.9,29.05,dgx02=29.05,pp_tok_s,2134.926,27.023,3,
1x-v2.2.0,1,1x-b1-dgx02,dgx02,tgt0-c8,0,109.9,29.05,dgx02=29.05,ttft_ms,6373.881,1564.606,24,
1x-v2.2.0,1,1x-b1-dgx02,dgx02,tgt0-c8,0,109.9,29.05,dgx02=29.05,accept_per_draft,0.741,0.0,1,
1x-v2.2.0,1,1x-b1-dgx01,dgx01,tgt0-c8,0,111.5,29.85,dgx01=29.85,tg_tok_s,149.052,15.267,3,4.9937
1x-v2.2.0,1,1x-b1-dgx01,dgx01,tgt0-c8,0,111.5,29.85,dgx01=29.85,tg_req_tok_s,23.51,6.106,24,
1x-v2.2.0,1,1x-b1-dgx01,dgx01,tgt0-c8,0,111.5,29.85,dgx01=29.85,pp_tok_s,2154.957,55.748,3,
1x-v2.2.0,1,1x-b1-dgx01,dgx01,tgt0-c8,0,111.5,29.85,dgx01=29.85,ttft_ms,6350.651,1396.639,24,
1x-v2.2.0,1,1x-b1-dgx01,dgx01,tgt0-c8,0,111.5,29.85,dgx01=29.85,accept_per_draft,0.779,0.0,1,
1x-v2.2.0,1,1x-b1-dgx01,dgx01,coding-t0-nothink-c1,0,818.3,24.63,dgx01=24.63,agg_tok_s,75.194,0.836,3,3.0524
1x-v2.2.0,1,1x-b1-dgx01,dgx01,coding-t0-nothink-c1,0,818.3,24.63,dgx01=24.63,median_req_tok_s,79.181,0.241,3,
1x-v2.2.0,1,1x-b1-dgx01,dgx01,coding-t0-nothink-c1,0,818.3,24.63,dgx01=24.63,hit_max_tokens,12,1.0,3,
1x-v2.2.0,1,1x-b1-dgx01,dgx01,coding-t0-nothink-c1,0,818.3,24.63,dgx01=24.63,ok_requests,36,0.0,3,
1x-v2.2.0,1,1x-b1-dgx02,dgx02,coding-t0-nothink-c1,0,835.0,24.03,dgx02=24.03,agg_tok_s,74.914,1.029,3,3.1175
1x-v2.2.0,1,1x-b1-dgx02,dgx02,coding-t0-nothink-c1,0,835.0,24.03,dgx02=24.03,median_req_tok_s,79.02,0.722,3,
1x-v2.2.0,1,1x-b1-dgx02,dgx02,coding-t0-nothink-c1,0,835.0,24.03,dgx02=24.03,hit_max_tokens,11.667,1.155,3,
1x-v2.2.0,1,1x-b1-dgx02,dgx02,coding-t0-nothink-c1,0,835.0,24.03,dgx02=24.03,ok_requests,36,0.0,3,
1x-v2.2.0,1,1x-b1-dgx01,dgx01,coding-t0-nothink-c8,0,320.8,26.88,dgx01=26.88,agg_tok_s,192.225,1.229,3,7.1516
1x-v2.2.0,1,1x-b1-dgx01,dgx01,coding-t0-nothink-c8,0,320.8,26.88,dgx01=26.88,median_req_tok_s,26.698,0.153,3,
1x-v2.2.0,1,1x-b1-dgx01,dgx01,coding-t0-nothink-c8,0,320.8,26.88,dgx01=26.88,hit_max_tokens,12,1.732,3,
1x-v2.2.0,1,1x-b1-dgx01,dgx01,coding-t0-nothink-c8,0,320.8,26.88,dgx01=26.88,ok_requests,36,0.0,3,
1x-v2.2.0,1,1x-b1-dgx02,dgx02,coding-t0-nothink-c8,0,319.3,25.62,dgx02=25.62,agg_tok_s,193.314,1.159,3,7.5447
1x-v2.2.0,1,1x-b1-dgx02,dgx02,coding-t0-nothink-c8,0,319.3,25.62,dgx02=25.62,median_req_tok_s,26.562,0.14,3,
1x-v2.2.0,1,1x-b1-dgx02,dgx02,coding-t0-nothink-c8,0,319.3,25.62,dgx02=25.62,hit_max_tokens,12.333,1.155,3,
1x-v2.2.0,1,1x-b1-dgx02,dgx02,coding-t0-nothink-c8,0,319.3,25.62,dgx02=25.62,ok_requests,36,0.0,3,
1x-v2.2.0,2,1x-b2-dgx01,dgx01,idle,0,120.0,9.53,dgx01=9.53,idle,,,0,
1x-v2.2.0,2,1x-b2-dgx02,dgx02,idle,0,120.0,9.97,dgx02=9.97,idle,,,0,
1x-v2.2.0,2,1x-b2-dgx02,dgx02,tgdef-c1,0,34.2,23.64,dgx02=23.64,tg_tok_s,64.026,4.432,3,2.7088
1x-v2.2.0,2,1x-b2-dgx02,dgx02,tgdef-c1,0,34.2,23.64,dgx02=23.64,tg_req_tok_s,64.026,4.432,3,
1x-v2.2.0,2,1x-b2-dgx02,dgx02,tgdef-c1,0,34.2,23.64,dgx02=23.64,pp_tok_s,1770.141,23.483,3,
1x-v2.2.0,2,1x-b2-dgx02,dgx02,tgdef-c1,0,34.2,23.64,dgx02=23.64,ttft_ms,1188.499,16.875,3,
1x-v2.2.0,2,1x-b2-dgx02,dgx02,tgdef-c1,0,34.2,23.64,dgx02=23.64,accept_per_draft,0.673,0.0,1,
1x-v2.2.0,2,1x-b2-dgx01,dgx01,tgdef-c1,0,36.5,24.79,dgx01=24.79,tg_tok_s,62.149,4.329,3,2.5068
1x-v2.2.0,2,1x-b2-dgx01,dgx01,tgdef-c1,0,36.5,24.79,dgx01=24.79,tg_req_tok_s,62.149,4.329,3,
1x-v2.2.0,2,1x-b2-dgx01,dgx01,tgdef-c1,0,36.5,24.79,dgx01=24.79,pp_tok_s,1760.881,10.132,3,
1x-v2.2.0,2,1x-b2-dgx01,dgx01,tgdef-c1,0,36.5,24.79,dgx01=24.79,ttft_ms,1193.023,6.889,3,
1x-v2.2.0,2,1x-b2-dgx01,dgx01,tgdef-c1,0,36.5,24.79,dgx01=24.79,accept_per_draft,0.634,0.0,1,
1x-v2.2.0,2,1x-b2-dgx02,dgx02,tgdef-c8,0,117.5,28.26,dgx02=28.26,tg_tok_s,131.432,8.238,3,4.6506
1x-v2.2.0,2,1x-b2-dgx02,dgx02,tgdef-c8,0,117.5,28.26,dgx02=28.26,tg_req_tok_s,21.981,2.346,24,
1x-v2.2.0,2,1x-b2-dgx02,dgx02,tgdef-c8,0,117.5,28.26,dgx02=28.26,pp_tok_s,2108.134,29.795,3,
1x-v2.2.0,2,1x-b2-dgx02,dgx02,tgdef-c8,0,117.5,28.26,dgx02=28.26,ttft_ms,6495.668,1511.972,24,
1x-v2.2.0,2,1x-b2-dgx02,dgx02,tgdef-c8,0,117.5,28.26,dgx02=28.26,accept_per_draft,0.617,0.0,1,
1x-v2.2.0,2,1x-b2-dgx01,dgx01,tgdef-c8,0,120.3,29.63,dgx01=29.63,tg_tok_s,139.965,9.42,3,4.7235
1x-v2.2.0,2,1x-b2-dgx01,dgx01,tgdef-c8,0,120.3,29.63,dgx01=29.63,tg_req_tok_s,21.924,2.529,24,
1x-v2.2.0,2,1x-b2-dgx01,dgx01,tgdef-c8,0,120.3,29.63,dgx01=29.63,pp_tok_s,2146.072,24.885,3,
1x-v2.2.0,2,1x-b2-dgx01,dgx01,tgdef-c8,0,120.3,29.63,dgx01=29.63,ttft_ms,6446.749,1391.738,24,
1x-v2.2.0,2,1x-b2-dgx01,dgx01,tgdef-c8,0,120.3,29.63,dgx01=29.63,accept_per_draft,0.619,0.0,1,
1x-v2.2.0,2,1x-b2-dgx02,dgx02,tgt0-c1,0,24.8,25.69,dgx02=25.69,tg_tok_s,73.438,8.606,3,2.8587
1x-v2.2.0,2,1x-b2-dgx02,dgx02,tgt0-c1,0,24.8,25.69,dgx02=25.69,tg_req_tok_s,73.438,8.606,3,
1x-v2.2.0,2,1x-b2-dgx02,dgx02,tgt0-c1,0,24.8,25.69,dgx02=25.69,pp_tok_s,1875.651,32.364,3,
1x-v2.2.0,2,1x-b2-dgx02,dgx02,tgt0-c1,0,24.8,25.69,dgx02=25.69,ttft_ms,1122.831,19.293,3,
1x-v2.2.0,2,1x-b2-dgx02,dgx02,tgt0-c1,0,24.8,25.69,dgx02=25.69,accept_per_draft,0.731,0.0,1,
1x-v2.2.0,2,1x-b2-dgx01,dgx01,tgt0-c1,0,29.0,25.62,dgx01=25.62,tg_tok_s,70.17,6.45,3,2.7384
1x-v2.2.0,2,1x-b2-dgx01,dgx01,tgt0-c1,0,29.0,25.62,dgx01=25.62,tg_req_tok_s,70.17,6.45,3,
1x-v2.2.0,2,1x-b2-dgx01,dgx01,tgt0-c1,0,29.0,25.62,dgx01=25.62,pp_tok_s,1819.629,39.026,3,
1x-v2.2.0,2,1x-b2-dgx01,dgx01,tgt0-c1,0,29.0,25.62,dgx01=25.62,ttft_ms,1156.036,26.141,3,
1x-v2.2.0,2,1x-b2-dgx01,dgx01,tgt0-c1,0,29.0,25.62,dgx01=25.62,accept_per_draft,0.73,0.0,1,
1x-v2.2.0,2,1x-b2-dgx02,dgx02,tgt0-c8,0,113.1,28.98,dgx02=28.98,tg_tok_s,153.271,15.561,3,5.2891
1x-v2.2.0,2,1x-b2-dgx02,dgx02,tgt0-c8,0,113.1,28.98,dgx02=28.98,tg_req_tok_s,23.49,3.933,24,
1x-v2.2.0,2,1x-b2-dgx02,dgx02,tgt0-c8,0,113.1,28.98,dgx02=28.98,pp_tok_s,2134.78,20.805,3,
1x-v2.2.0,2,1x-b2-dgx02,dgx02,tgt0-c8,0,113.1,28.98,dgx02=28.98,ttft_ms,6424.887,1489.88,24,
1x-v2.2.0,2,1x-b2-dgx02,dgx02,tgt0-c8,0,113.1,28.98,dgx02=28.98,accept_per_draft,0.791,0.0,1,
1x-v2.2.0,2,1x-b2-dgx01,dgx01,tgt0-c8,0,110.4,29.89,dgx01=29.89,tg_tok_s,149.145,9.13,3,4.9894
1x-v2.2.0,2,1x-b2-dgx01,dgx01,tgt0-c8,0,110.4,29.89,dgx01=29.89,tg_req_tok_s,24.122,2.69,24,
1x-v2.2.0,2,1x-b2-dgx01,dgx01,tgt0-c8,0,110.4,29.89,dgx01=29.89,pp_tok_s,2181.012,49.78,3,
1x-v2.2.0,2,1x-b2-dgx01,dgx01,tgt0-c8,0,110.4,29.89,dgx01=29.89,ttft_ms,6269.896,1475.638,24,
1x-v2.2.0,2,1x-b2-dgx01,dgx01,tgt0-c8,0,110.4,29.89,dgx01=29.89,accept_per_draft,0.771,0.0,1,
1x-v2.2.0,2,1x-b2-dgx02,dgx02,coding-t0-nothink-c1,0,832.0,24.22,dgx02=24.22,agg_tok_s,74.469,0.105,3,3.0746
1x-v2.2.0,2,1x-b2-dgx02,dgx02,coding-t0-nothink-c1,0,832.0,24.22,dgx02=24.22,median_req_tok_s,77.842,0.616,3,
1x-v2.2.0,2,1x-b2-dgx02,dgx02,coding-t0-nothink-c1,0,832.0,24.22,dgx02=24.22,hit_max_tokens,13.333,1.528,3,
1x-v2.2.0,2,1x-b2-dgx02,dgx02,coding-t0-nothink-c1,0,832.0,24.22,dgx02=24.22,ok_requests,36,0.0,3,
1x-v2.2.0,2,1x-b2-dgx01,dgx01,coding-t0-nothink-c1,0,829.3,24.64,dgx01=24.64,agg_tok_s,74.99,0.458,3,3.0431
1x-v2.2.0,2,1x-b2-dgx01,dgx01,coding-t0-nothink-c1,0,829.3,24.64,dgx01=24.64,median_req_tok_s,78.431,1.026,3,
1x-v2.2.0,2,1x-b2-dgx01,dgx01,coding-t0-nothink-c1,0,829.3,24.64,dgx01=24.64,hit_max_tokens,11.667,2.082,3,
1x-v2.2.0,2,1x-b2-dgx01,dgx01,coding-t0-nothink-c1,0,829.3,24.64,dgx01=24.64,ok_requests,36,0.0,3,
1x-v2.2.0,2,1x-b2-dgx02,dgx02,coding-t0-nothink-c8,0,325.5,25.71,dgx02=25.71,agg_tok_s,192.319,1.392,3,7.4807
1x-v2.2.0,2,1x-b2-dgx02,dgx02,coding-t0-nothink-c8,0,325.5,25.71,dgx02=25.71,median_req_tok_s,26.569,0.329,3,
1x-v2.2.0,2,1x-b2-dgx02,dgx02,coding-t0-nothink-c8,0,325.5,25.71,dgx02=25.71,hit_max_tokens,12.667,1.155,3,
1x-v2.2.0,2,1x-b2-dgx02,dgx02,coding-t0-nothink-c8,0,325.5,25.71,dgx02=25.71,ok_requests,36,0.0,3,
1x-v2.2.0,2,1x-b2-dgx01,dgx01,coding-t0-nothink-c8,0,321.5,26.91,dgx01=26.91,agg_tok_s,192.378,0.208,3,7.1477
1x-v2.2.0,2,1x-b2-dgx01,dgx01,coding-t0-nothink-c8,0,321.5,26.91,dgx01=26.91,median_req_tok_s,26.477,0.167,3,
1x-v2.2.0,2,1x-b2-dgx01,dgx01,coding-t0-nothink-c8,0,321.5,26.91,dgx01=26.91,hit_max_tokens,12.333,0.577,3,
1x-v2.2.0,2,1x-b2-dgx01,dgx01,coding-t0-nothink-c8,0,321.5,26.91,dgx01=26.91,ok_requests,36,0.0,3,
1x-v2.2.0,3,1x-b3-dgx01,dgx01,idle,0,120.0,9.51,dgx01=9.51,idle,,,0,
1x-v2.2.0,3,1x-b3-dgx02,dgx02,idle,0,120.0,10.0,dgx02=10.00,idle,,,0,
1x-v2.2.0,3,1x-b3-dgx02,dgx02,tgdef-c1,0,33.0,23.78,dgx02=23.78,tg_tok_s,57.751,3.433,3,2.4287
1x-v2.2.0,3,1x-b3-dgx02,dgx02,tgdef-c1,0,33.0,23.78,dgx02=23.78,tg_req_tok_s,57.751,3.433,3,
1x-v2.2.0,3,1x-b3-dgx02,dgx02,tgdef-c1,0,33.0,23.78,dgx02=23.78,pp_tok_s,1735.77,6.008,3,
1x-v2.2.0,3,1x-b3-dgx02,dgx02,tgdef-c1,0,33.0,23.78,dgx02=23.78,ttft_ms,1211.467,4.204,3,
1x-v2.2.0,3,1x-b3-dgx02,dgx02,tgdef-c1,0,33.0,23.78,dgx02=23.78,accept_per_draft,0.583,0.0,1,
1x-v2.2.0,3,1x-b3-dgx01,dgx01,tgdef-c1,0,36.6,24.81,dgx01=24.81,tg_tok_s,63.522,3.542,3,2.5602
1x-v2.2.0,3,1x-b3-dgx01,dgx01,tgdef-c1,0,36.6,24.81,dgx01=24.81,tg_req_tok_s,63.522,3.542,3,
1x-v2.2.0,3,1x-b3-dgx01,dgx01,tgdef-c1,0,36.6,24.81,dgx01=24.81,pp_tok_s,1804.808,64.01,3,
1x-v2.2.0,3,1x-b3-dgx01,dgx01,tgdef-c1,0,36.6,24.81,dgx01=24.81,ttft_ms,1166.342,41.26,3,
1x-v2.2.0,3,1x-b3-dgx01,dgx01,tgdef-c1,0,36.6,24.81,dgx01=24.81,accept_per_draft,0.669,0.0,1,
1x-v2.2.0,3,1x-b3-dgx01,dgx01,tgdef-c8,0,119.1,29.66,dgx01=29.66,tg_tok_s,137.206,11.705,3,4.6253
1x-v2.2.0,3,1x-b3-dgx01,dgx01,tgdef-c8,0,119.1,29.66,dgx01=29.66,tg_req_tok_s,22.303,3.263,24,
1x-v2.2.0,3,1x-b3-dgx01,dgx01,tgdef-c8,0,119.1,29.66,dgx01=29.66,pp_tok_s,2133.231,40.878,3,
1x-v2.2.0,3,1x-b3-dgx01,dgx01,tgdef-c8,0,119.1,29.66,dgx01=29.66,ttft_ms,6439.066,1383.613,24,
1x-v2.2.0,3,1x-b3-dgx01,dgx01,tgdef-c8,0,119.1,29.66,dgx01=29.66,accept_per_draft,0.615,0.0,1,
1x-v2.2.0,3,1x-b3-dgx02,dgx02,tgdef-c8,0,122.9,28.35,dgx02=28.35,tg_tok_s,135.761,10.55,3,4.7886
1x-v2.2.0,3,1x-b3-dgx02,dgx02,tgdef-c8,0,122.9,28.35,dgx02=28.35,tg_req_tok_s,21.527,2.181,24,
1x-v2.2.0,3,1x-b3-dgx02,dgx02,tgdef-c8,0,122.9,28.35,dgx02=28.35,pp_tok_s,2112.864,64.608,3,
1x-v2.2.0,3,1x-b3-dgx02,dgx02,tgdef-c8,0,122.9,28.35,dgx02=28.35,ttft_ms,6493.566,1411.698,24,
1x-v2.2.0,3,1x-b3-dgx02,dgx02,tgdef-c8,0,122.9,28.35,dgx02=28.35,accept_per_draft,0.601,0.0,1,
1x-v2.2.0,3,1x-b3-dgx01,dgx01,tgt0-c1,0,23.5,26.18,dgx01=26.18,tg_tok_s,70.979,7.426,3,2.7117
1x-v2.2.0,3,1x-b3-dgx01,dgx01,tgt0-c1,0,23.5,26.18,dgx01=26.18,tg_req_tok_s,70.979,7.426,3,
1x-v2.2.0,3,1x-b3-dgx01,dgx01,tgt0-c1,0,23.5,26.18,dgx01=26.18,pp_tok_s,1839.891,39.487,3,
1x-v2.2.0,3,1x-b3-dgx01,dgx01,tgt0-c1,0,23.5,26.18,dgx01=26.18,ttft_ms,1143.852,23.398,3,
1x-v2.2.0,3,1x-b3-dgx01,dgx01,tgt0-c1,0,23.5,26.18,dgx01=26.18,accept_per_draft,0.766,0.0,1,
1x-v2.2.0,3,1x-b3-dgx02,dgx02,tgt0-c1,0,28.5,25.17,dgx02=25.17,tg_tok_s,73.423,6.711,3,2.9166
1x-v2.2.0,3,1x-b3-dgx02,dgx02,tgt0-c1,0,28.5,25.17,dgx02=25.17,tg_req_tok_s,73.423,6.711,3,
1x-v2.2.0,3,1x-b3-dgx02,dgx02,tgt0-c1,0,28.5,25.17,dgx02=25.17,pp_tok_s,1825.81,28.579,3,
1x-v2.2.0,3,1x-b3-dgx02,dgx02,tgt0-c1,0,28.5,25.17,dgx02=25.17,ttft_ms,1153.749,18.409,3,
1x-v2.2.0,3,1x-b3-dgx02,dgx02,tgt0-c1,0,28.5,25.17,dgx02=25.17,accept_per_draft,0.778,0.0,1,
1x-v2.2.0,3,1x-b3-dgx01,dgx01,tgt0-c8,0,113.9,29.97,dgx01=29.97,tg_tok_s,153.999,1.946,3,5.139
1x-v2.2.0,3,1x-b3-dgx01,dgx01,tgt0-c8,0,113.9,29.97,dgx01=29.97,tg_req_tok_s,23.009,5.353,24,
1x-v2.2.0,3,1x-b3-dgx01,dgx01,tgt0-c8,0,113.9,29.97,dgx01=29.97,pp_tok_s,2185.571,14.207,3,
1x-v2.2.0,3,1x-b3-dgx01,dgx01,tgt0-c8,0,113.9,29.97,dgx01=29.97,ttft_ms,6311.188,1388.521,24,
1x-v2.2.0,3,1x-b3-dgx01,dgx01,tgt0-c8,0,113.9,29.97,dgx01=29.97,accept_per_draft,0.747,0.0,1,
1x-v2.2.0,3,1x-b3-dgx02,dgx02,tgt0-c8,0,110.8,29.09,dgx02=29.09,tg_tok_s,155.222,5.772,3,5.3357
1x-v2.2.0,3,1x-b3-dgx02,dgx02,tgt0-c8,0,110.8,29.09,dgx02=29.09,tg_req_tok_s,24.333,4.69,24,
1x-v2.2.0,3,1x-b3-dgx02,dgx02,tgt0-c8,0,110.8,29.09,dgx02=29.09,pp_tok_s,2127.695,46.975,3,
1x-v2.2.0,3,1x-b3-dgx02,dgx02,tgt0-c8,0,110.8,29.09,dgx02=29.09,ttft_ms,6388.813,1496.387,24,
1x-v2.2.0,3,1x-b3-dgx02,dgx02,tgt0-c8,0,110.8,29.09,dgx02=29.09,accept_per_draft,0.812,0.0,1,
1x-v2.2.0,3,1x-b3-dgx01,dgx01,coding-t0-nothink-c1,0,828.3,24.68,dgx01=24.68,agg_tok_s,75.323,0.512,3,3.0521
1x-v2.2.0,3,1x-b3-dgx01,dgx01,coding-t0-nothink-c1,0,828.3,24.68,dgx01=24.68,median_req_tok_s,78.574,0.766,3,
1x-v2.2.0,3,1x-b3-dgx01,dgx01,coding-t0-nothink-c1,0,828.3,24.68,dgx01=24.68,hit_max_tokens,12.333,1.528,3,
1x-v2.2.0,3,1x-b3-dgx01,dgx01,coding-t0-nothink-c1,0,828.3,24.68,dgx01=24.68,ok_requests,36,0.0,3,
1x-v2.2.0,3,1x-b3-dgx02,dgx02,coding-t0-nothink-c1,0,844.2,23.59,dgx02=23.59,agg_tok_s,74.762,0.33,3,3.1698
1x-v2.2.0,3,1x-b3-dgx02,dgx02,coding-t0-nothink-c1,0,844.2,23.59,dgx02=23.59,median_req_tok_s,78.324,0.937,3,
1x-v2.2.0,3,1x-b3-dgx02,dgx02,coding-t0-nothink-c1,0,844.2,23.59,dgx02=23.59,hit_max_tokens,13.667,1.155,3,
1x-v2.2.0,3,1x-b3-dgx02,dgx02,coding-t0-nothink-c1,0,844.2,23.59,dgx02=23.59,ok_requests,36,0.0,3,
1x-v2.2.0,3,1x-b3-dgx01,dgx01,coding-t0-nothink-c8,0,322.3,26.81,dgx01=26.81,agg_tok_s,190.455,0.295,3,7.1027
1x-v2.2.0,3,1x-b3-dgx01,dgx01,coding-t0-nothink-c8,0,322.3,26.81,dgx01=26.81,median_req_tok_s,26.385,0.075,3,
1x-v2.2.0,3,1x-b3-dgx01,dgx01,coding-t0-nothink-c8,0,322.3,26.81,dgx01=26.81,hit_max_tokens,12.667,0.577,3,
1x-v2.2.0,3,1x-b3-dgx01,dgx01,coding-t0-nothink-c8,0,322.3,26.81,dgx01=26.81,ok_requests,36,0.0,3,
1x-v2.2.0,3,1x-b3-dgx02,dgx02,coding-t0-nothink-c8,0,333.0,25.55,dgx02=25.55,agg_tok_s,191.118,2.051,3,7.4796
1x-v2.2.0,3,1x-b3-dgx02,dgx02,coding-t0-nothink-c8,0,333.0,25.55,dgx02=25.55,median_req_tok_s,26.582,0.128,3,
1x-v2.2.0,3,1x-b3-dgx02,dgx02,coding-t0-nothink-c8,0,333.0,25.55,dgx02=25.55,hit_max_tokens,13.667,1.528,3,
1x-v2.2.0,3,1x-b3-dgx02,dgx02,coding-t0-nothink-c8,0,333.0,25.55,dgx02=25.55,ok_requests,36,0.0,3,
2x-v2.0.0,1,2x-b1,dgx01+dgx02,idle,0,120.0,19.45,dgx01=9.56;dgx02=9.89,idle,,,0,
2x-v2.0.0,1,2x-b1,dgx01+dgx02,tgdef-c1,0,20.1,50.13,dgx01=25.71;dgx02=24.43,tg_tok_s,88.99,2.532,3,1.7752
2x-v2.0.0,1,2x-b1,dgx01+dgx02,tgdef-c1,0,20.1,50.13,dgx01=25.71;dgx02=24.43,tg_req_tok_s,88.99,2.532,3,
2x-v2.0.0,1,2x-b1,dgx01+dgx02,tgdef-c1,0,20.1,50.13,dgx01=25.71;dgx02=24.43,pp_tok_s,2804.909,36.913,3,
2x-v2.0.0,1,2x-b1,dgx01+dgx02,tgdef-c1,0,20.1,50.13,dgx01=25.71;dgx02=24.43,ttft_ms,750.083,10.299,3,
2x-v2.0.0,1,2x-b1,dgx01+dgx02,tgdef-c1,0,20.1,50.13,dgx01=25.71;dgx02=24.43,accept_per_draft,0.587,0.0,1,
2x-v2.0.0,1,2x-b1,dgx01+dgx02,tgdef-c8,0,76.4,61.26,dgx01=31.50;dgx02=29.76,tg_tok_s,198.191,10.723,3,3.2353
2x-v2.0.0,1,2x-b1,dgx01+dgx02,tgdef-c8,0,76.4,61.26,dgx01=31.50;dgx02=29.76,tg_req_tok_s,33.361,4.659,24,
2x-v2.0.0,1,2x-b1,dgx01+dgx02,tgdef-c8,0,76.4,61.26,dgx01=31.50;dgx02=29.76,pp_tok_s,3158.995,13.446,3,
2x-v2.0.0,1,2x-b1,dgx01+dgx02,tgdef-c8,0,76.4,61.26,dgx01=31.50;dgx02=29.76,ttft_ms,3544.178,1568.286,24,
2x-v2.0.0,1,2x-b1,dgx01+dgx02,tgdef-c8,0,76.4,61.26,dgx01=31.50;dgx02=29.76,accept_per_draft,0.582,0.0,1,
2x-v2.0.0,1,2x-b1,dgx01+dgx02,tgt0-c1,0,19.4,51.77,dgx01=26.50;dgx02=25.27,tg_tok_s,107.118,0.92,3,2.0691
2x-v2.0.0,1,2x-b1,dgx01+dgx02,tgt0-c1,0,19.4,51.77,dgx01=26.50;dgx02=25.27,tg_req_tok_s,107.118,0.92,3,
2x-v2.0.0,1,2x-b1,dgx01+dgx02,tgt0-c1,0,19.4,51.77,dgx01=26.50;dgx02=25.27,pp_tok_s,2830.49,21.222,3,
2x-v2.0.0,1,2x-b1,dgx01+dgx02,tgt0-c1,0,19.4,51.77,dgx01=26.50;dgx02=25.27,ttft_ms,744.586,5.033,3,
2x-v2.0.0,1,2x-b1,dgx01+dgx02,tgt0-c1,0,19.4,51.77,dgx01=26.50;dgx02=25.27,accept_per_draft,0.742,0.0,1,
2x-v2.0.0,1,2x-b1,dgx01+dgx02,tgt0-c8,0,73.6,62.59,dgx01=32.16;dgx02=30.43,tg_tok_s,225.364,25.581,3,3.6004
2x-v2.0.0,1,2x-b1,dgx01+dgx02,tgt0-c8,0,73.6,62.59,dgx01=32.16;dgx02=30.43,tg_req_tok_s,36.218,7.027,24,
2x-v2.0.0,1,2x-b1,dgx01+dgx02,tgt0-c8,0,73.6,62.59,dgx01=32.16;dgx02=30.43,pp_tok_s,3097.322,82.543,3,
2x-v2.0.0,1,2x-b1,dgx01+dgx02,tgt0-c8,0,73.6,62.59,dgx01=32.16;dgx02=30.43,ttft_ms,3529.148,1495.274,24,
2x-v2.0.0,1,2x-b1,dgx01+dgx02,tgt0-c8,0,73.6,62.59,dgx01=32.16;dgx02=30.43,accept_per_draft,0.772,0.0,1,
2x-v2.0.0,1,2x-b1,dgx01+dgx02,coding-t0-nothink-c1,0,553.0,49.65,dgx01=25.65;dgx02=24.00,agg_tok_s,112.811,1.069,3,2.2722
2x-v2.0.0,1,2x-b1,dgx01+dgx02,coding-t0-nothink-c1,0,553.0,49.65,dgx01=25.65;dgx02=24.00,median_req_tok_s,118.906,0.497,3,
2x-v2.0.0,1,2x-b1,dgx01+dgx02,coding-t0-nothink-c1,0,553.0,49.65,dgx01=25.65;dgx02=24.00,hit_max_tokens,10.667,1.155,3,
2x-v2.0.0,1,2x-b1,dgx01+dgx02,coding-t0-nothink-c1,0,553.0,49.65,dgx01=25.65;dgx02=24.00,ok_requests,36,0.0,3,
2x-v2.0.0,1,2x-b1,dgx01+dgx02,coding-t0-nothink-c8,0,191.8,58.6,dgx01=30.57;dgx02=28.03,agg_tok_s,318.655,2.119,3,5.4378
2x-v2.0.0,1,2x-b1,dgx01+dgx02,coding-t0-nothink-c8,0,191.8,58.6,dgx01=30.57;dgx02=28.03,median_req_tok_s,44.016,0.374,3,
2x-v2.0.0,1,2x-b1,dgx01+dgx02,coding-t0-nothink-c8,0,191.8,58.6,dgx01=30.57;dgx02=28.03,hit_max_tokens,11.667,0.577,3,
2x-v2.0.0,1,2x-b1,dgx01+dgx02,coding-t0-nothink-c8,0,191.8,58.6,dgx01=30.57;dgx02=28.03,ok_requests,36,0.0,3,
2x-v2.0.0,2,2x-b2,dgx01+dgx02,idle,0,120.0,19.55,dgx01=9.60;dgx02=9.94,idle,,,0,
2x-v2.0.0,2,2x-b2,dgx01+dgx02,tgdef-c1,0,27.6,49.39,dgx01=25.40;dgx02=23.99,tg_tok_s,84.825,4.731,3,1.7175
2x-v2.0.0,2,2x-b2,dgx01+dgx02,tgdef-c1,0,27.6,49.39,dgx01=25.40;dgx02=23.99,tg_req_tok_s,84.825,4.731,3,
2x-v2.0.0,2,2x-b2,dgx01+dgx02,tgdef-c1,0,27.6,49.39,dgx01=25.40;dgx02=23.99,pp_tok_s,2817.906,36.786,3,
2x-v2.0.0,2,2x-b2,dgx01+dgx02,tgdef-c1,0,27.6,49.39,dgx01=25.40;dgx02=23.99,ttft_ms,746.413,10.06,3,
2x-v2.0.0,2,2x-b2,dgx01+dgx02,tgdef-c1,0,27.6,49.39,dgx01=25.40;dgx02=23.99,accept_per_draft,0.565,0.0,1,
2x-v2.0.0,2,2x-b2,dgx01+dgx02,tgdef-c8,0,74.1,61.23,dgx01=31.53;dgx02=29.70,tg_tok_s,189.375,24.799,3,3.093
2x-v2.0.0,2,2x-b2,dgx01+dgx02,tgdef-c8,0,74.1,61.23,dgx01=31.53;dgx02=29.70,tg_req_tok_s,33.261,6.109,24,
2x-v2.0.0,2,2x-b2,dgx01+dgx02,tgdef-c8,0,74.1,61.23,dgx01=31.53;dgx02=29.70,pp_tok_s,3047.728,64.656,3,
2x-v2.0.0,2,2x-b2,dgx01+dgx02,tgdef-c8,0,74.1,61.23,dgx01=31.53;dgx02=29.70,ttft_ms,3531.917,1534.506,24,
2x-v2.0.0,2,2x-b2,dgx01+dgx02,tgdef-c8,0,74.1,61.23,dgx01=31.53;dgx02=29.70,accept_per_draft,0.592,0.0,1,
2x-v2.0.0,2,2x-b2,dgx01+dgx02,tgt0-c1,0,23.5,52.27,dgx01=26.75;dgx02=25.52,tg_tok_s,106.08,10.983,3,2.0295
2x-v2.0.0,2,2x-b2,dgx01+dgx02,tgt0-c1,0,23.5,52.27,dgx01=26.75;dgx02=25.52,tg_req_tok_s,106.08,10.983,3,
2x-v2.0.0,2,2x-b2,dgx01+dgx02,tgt0-c1,0,23.5,52.27,dgx01=26.75;dgx02=25.52,pp_tok_s,2884.289,54.775,3,
2x-v2.0.0,2,2x-b2,dgx01+dgx02,tgt0-c1,0,23.5,52.27,dgx01=26.75;dgx02=25.52,ttft_ms,730.339,14.188,3,
2x-v2.0.0,2,2x-b2,dgx01+dgx02,tgt0-c1,0,23.5,52.27,dgx01=26.75;dgx02=25.52,accept_per_draft,0.737,0.0,1,
2x-v2.0.0,2,2x-b2,dgx01+dgx02,tgt0-c8,0,70.5,63.05,dgx01=32.52;dgx02=30.54,tg_tok_s,223.758,14.379,3,3.5487
2x-v2.0.0,2,2x-b2,dgx01+dgx02,tgt0-c8,0,70.5,63.05,dgx01=32.52;dgx02=30.54,tg_req_tok_s,36.942,8.725,24,
2x-v2.0.0,2,2x-b2,dgx01+dgx02,tgt0-c8,0,70.5,63.05,dgx01=32.52;dgx02=30.54,pp_tok_s,3090.903,90.618,3,
2x-v2.0.0,2,2x-b2,dgx01+dgx02,tgt0-c8,0,70.5,63.05,dgx01=32.52;dgx02=30.54,ttft_ms,3575.41,1585.516,24,
2x-v2.0.0,2,2x-b2,dgx01+dgx02,tgt0-c8,0,70.5,63.05,dgx01=32.52;dgx02=30.54,accept_per_draft,0.762,0.0,1,
2x-v2.0.0,2,2x-b2,dgx01+dgx02,coding-t0-nothink-c1,0,544.9,49.54,dgx01=25.61;dgx02=23.93,agg_tok_s,112.82,0.286,3,2.2773
2x-v2.0.0,2,2x-b2,dgx01+dgx02,coding-t0-nothink-c1,0,544.9,49.54,dgx01=25.61;dgx02=23.93,median_req_tok_s,118.213,1.255,3,
2x-v2.0.0,2,2x-b2,dgx01+dgx02,coding-t0-nothink-c1,0,544.9,49.54,dgx01=25.61;dgx02=23.93,hit_max_tokens,11.667,1.528,3,
2x-v2.0.0,2,2x-b2,dgx01+dgx02,coding-t0-nothink-c1,0,544.9,49.54,dgx01=25.61;dgx02=23.93,ok_requests,36,0.0,3,
2x-v2.0.0,2,2x-b2,dgx01+dgx02,coding-t0-nothink-c8,0,195.2,58.78,dgx01=30.65;dgx02=28.13,agg_tok_s,317.678,2.932,3,5.4047
2x-v2.0.0,2,2x-b2,dgx01+dgx02,coding-t0-nothink-c8,0,195.2,58.78,dgx01=30.65;dgx02=28.13,median_req_tok_s,43.679,0.295,3,
2x-v2.0.0,2,2x-b2,dgx01+dgx02,coding-t0-nothink-c8,0,195.2,58.78,dgx01=30.65;dgx02=28.13,hit_max_tokens,10.667,0.577,3,
2x-v2.0.0,2,2x-b2,dgx01+dgx02,coding-t0-nothink-c8,0,195.2,58.78,dgx01=30.65;dgx02=28.13,ok_requests,36,0.0,3,
2x-v2.0.0,3,2x-b3,dgx01+dgx02,idle,0,120.0,19.48,dgx01=9.59;dgx02=9.90,idle,,,0,
2x-v2.0.0,3,2x-b3,dgx01+dgx02,tgdef-c1,0,23.4,49.97,dgx01=25.69;dgx02=24.28,tg_tok_s,84.96,2.067,3,1.7002
2x-v2.0.0,3,2x-b3,dgx01+dgx02,tgdef-c1,0,23.4,49.97,dgx01=25.69;dgx02=24.28,tg_req_tok_s,84.96,2.067,3,
2x-v2.0.0,3,2x-b3,dgx01+dgx02,tgdef-c1,0,23.4,49.97,dgx01=25.69;dgx02=24.28,pp_tok_s,2798.208,31.939,3,
2x-v2.0.0,3,2x-b3,dgx01+dgx02,tgdef-c1,0,23.4,49.97,dgx01=25.69;dgx02=24.28,ttft_ms,752.627,9.223,3,
2x-v2.0.0,3,2x-b3,dgx01+dgx02,tgdef-c1,0,23.4,49.97,dgx01=25.69;dgx02=24.28,accept_per_draft,0.559,0.0,1,
2x-v2.0.0,3,2x-b3,dgx01+dgx02,tgdef-c8,0,75.6,61.79,dgx01=31.80;dgx02=29.99,tg_tok_s,198.281,12.643,3,3.209
2x-v2.0.0,3,2x-b3,dgx01+dgx02,tgdef-c8,0,75.6,61.79,dgx01=31.80;dgx02=29.99,tg_req_tok_s,32.919,4.999,24,
2x-v2.0.0,3,2x-b3,dgx01+dgx02,tgdef-c8,0,75.6,61.79,dgx01=31.80;dgx02=29.99,pp_tok_s,3059.906,71.519,3,
2x-v2.0.0,3,2x-b3,dgx01+dgx02,tgdef-c8,0,75.6,61.79,dgx01=31.80;dgx02=29.99,ttft_ms,3544.394,1555.555,24,
2x-v2.0.0,3,2x-b3,dgx01+dgx02,tgdef-c8,0,75.6,61.79,dgx01=31.80;dgx02=29.99,accept_per_draft,0.596,0.0,1,
2x-v2.0.0,3,2x-b3,dgx01+dgx02,tgt0-c1,0,19.0,51.95,dgx01=26.69;dgx02=25.26,tg_tok_s,111.8,11.601,3,2.152
2x-v2.0.0,3,2x-b3,dgx01+dgx02,tgt0-c1,0,19.0,51.95,dgx01=26.69;dgx02=25.26,tg_req_tok_s,111.8,11.601,3,
2x-v2.0.0,3,2x-b3,dgx01+dgx02,tgt0-c1,0,19.0,51.95,dgx01=26.69;dgx02=25.26,pp_tok_s,2833.139,8.142,3,
2x-v2.0.0,3,2x-b3,dgx01+dgx02,tgt0-c1,0,19.0,51.95,dgx01=26.69;dgx02=25.26,ttft_ms,743.357,2.572,3,
2x-v2.0.0,3,2x-b3,dgx01+dgx02,tgt0-c1,0,19.0,51.95,dgx01=26.69;dgx02=25.26,accept_per_draft,0.78,0.0,1,
2x-v2.0.0,3,2x-b3,dgx01+dgx02,tgt0-c8,0,70.5,62.97,dgx01=32.38;dgx02=30.60,tg_tok_s,233.144,22.206,3,3.7024
2x-v2.0.0,3,2x-b3,dgx01+dgx02,tgt0-c8,0,70.5,62.97,dgx01=32.38;dgx02=30.60,tg_req_tok_s,36.555,7.75,24,
2x-v2.0.0,3,2x-b3,dgx01+dgx02,tgt0-c8,0,70.5,62.97,dgx01=32.38;dgx02=30.60,pp_tok_s,3097.586,54.251,3,
2x-v2.0.0,3,2x-b3,dgx01+dgx02,tgt0-c8,0,70.5,62.97,dgx01=32.38;dgx02=30.60,ttft_ms,3538.71,1551.177,24,
2x-v2.0.0,3,2x-b3,dgx01+dgx02,tgt0-c8,0,70.5,62.97,dgx01=32.38;dgx02=30.60,accept_per_draft,0.761,0.0,1,
2x-v2.0.0,3,2x-b3,dgx01+dgx02,coding-t0-nothink-c1,0,538.7,49.59,dgx01=25.66;dgx02=23.93,agg_tok_s,112.849,0.892,3,2.2758
2x-v2.0.0,3,2x-b3,dgx01+dgx02,coding-t0-nothink-c1,0,538.7,49.59,dgx01=25.66;dgx02=23.93,median_req_tok_s,118.677,0.562,3,
2x-v2.0.0,3,2x-b3,dgx01+dgx02,coding-t0-nothink-c1,0,538.7,49.59,dgx01=25.66;dgx02=23.93,hit_max_tokens,11.667,1.155,3,
2x-v2.0.0,3,2x-b3,dgx01+dgx02,coding-t0-nothink-c1,0,538.7,49.59,dgx01=25.66;dgx02=23.93,ok_requests,36,0.0,3,
2x-v2.0.0,3,2x-b3,dgx01+dgx02,coding-t0-nothink-c8,0,198.2,58.52,dgx01=30.50;dgx02=28.03,agg_tok_s,316.004,3.673,3,5.3997
2x-v2.0.0,3,2x-b3,dgx01+dgx02,coding-t0-nothink-c8,0,198.2,58.52,dgx01=30.50;dgx02=28.03,median_req_tok_s,44.113,0.212,3,
2x-v2.0.0,3,2x-b3,dgx01+dgx02,coding-t0-nothink-c8,0,198.2,58.52,dgx01=30.50;dgx02=28.03,hit_max_tokens,14.333,0.577,3,
2x-v2.0.0,3,2x-b3,dgx01+dgx02,coding-t0-nothink-c8,0,198.2,58.52,dgx01=30.50;dgx02=28.03,ok_requests,36,0.0,3,
