1x-b1-dgx01	idle	1791641329.256581	1791641449.258071	0
1x-b1-dgx02	idle	1791641329.257006	1791641449.258941	0
1x-b1-dgx02	tgdef-c1	1791641449.259048	1791641479.754074	0
1x-b1-dgx01	tgdef-c1	1791641449.258214	1791641482.925651	0
1x-b1-dgx01	tgdef-c8	1791641482.927856	1791641603.214468	0
1x-b1-dgx02	tgdef-c8	1791641479.755947	1791641604.691102	0
1x-b1-dgx02	tgt0-c1	1791641604.693988	1791641633.572954	0
1x-b1-dgx01	tgt0-c1	1791641603.216324	1791641635.894316	0
1x-b1-dgx02	tgt0-c8	1791641633.575791	1791641743.521704	0
1x-b1-dgx01	tgt0-c8	1791641635.896431	1791641747.441641	0
1x-b1-dgx01	coding-t0-nothink-c1	1791641747.443379	1791642565.713825	0
1x-b1-dgx02	coding-t0-nothink-c1	1791641743.524953	1791642578.497961	0
1x-b1-dgx01	coding-t0-nothink-c8	1791642565.716736	1791642886.549215	0
1x-b1-dgx02	coding-t0-nothink-c8	1791642578.500875	1791642897.769096	0
1x-b2-dgx01	idle	1791643108.758796	1791643228.760711	0
1x-b2-dgx02	idle	1791643108.759199	1791643228.760744	0
1x-b2-dgx02	tgdef-c1	1791643228.770395	1791643262.941505	0
1x-b2-dgx01	tgdef-c1	1791643228.770352	1791643265.288418	0
1x-b2-dgx02	tgdef-c8	1791643262.944404	1791643380.422005	0
1x-b2-dgx01	tgdef-c8	1791643265.290568	1791643385.611781	0
1x-b2-dgx02	tgt0-c1	1791643380.424603	1791643405.262795	0
1x-b2-dgx01	tgt0-c1	1791643385.614092	1791643414.620412	0
1x-b2-dgx02	tgt0-c8	1791643405.265944	1791643518.334677	0
1x-b2-dgx01	tgt0-c8	1791643414.622182	1791643525.068119	0
1x-b2-dgx02	coding-t0-nothink-c1	1791643518.337640	1791644350.329301	0
1x-b2-dgx01	coding-t0-nothink-c1	1791643525.069751	1791644354.405166	0
1x-b2-dgx02	coding-t0-nothink-c8	1791644350.331854	1791644675.874611	0
1x-b2-dgx01	coding-t0-nothink-c8	1791644354.408207	1791644675.911915	0
1x-b3-dgx01	idle	1791644887.292677	1791645007.294520	0
1x-b3-dgx02	idle	1791644887.292968	1791645007.295016	0
1x-b3-dgx02	tgdef-c1	1791645007.304356	1791645040.299506	0
1x-b3-dgx01	tgdef-c1	1791645007.304311	1791645043.891596	0
1x-b3-dgx01	tgdef-c8	1791645043.893483	1791645162.984810	0
1x-b3-dgx02	tgdef-c8	1791645040.302260	1791645163.157046	0
1x-b3-dgx01	tgt0-c1	1791645162.986937	1791645186.512857	0
1x-b3-dgx02	tgt0-c1	1791645163.161338	1791645191.624443	0
1x-b3-dgx01	tgt0-c8	1791645186.514711	1791645300.388743	0
1x-b3-dgx02	tgt0-c8	1791645191.626802	1791645302.414429	0
1x-b3-dgx01	coding-t0-nothink-c1	1791645300.391180	1791646128.734184	0
1x-b3-dgx02	coding-t0-nothink-c1	1791645302.417449	1791646146.596538	0
1x-b3-dgx01	coding-t0-nothink-c8	1791646128.736257	1791646451.016069	0
1x-b3-dgx02	coding-t0-nothink-c8	1791646146.599641	1791646479.601448	0
2x-b1	idle	1791646752.902801	1791646872.904081	0
2x-b1	tgdef-c1	1791646872.913737	1791646893.041030	0
2x-b1	tgdef-c8	1791646893.043457	1791646969.467720	0
2x-b1	tgt0-c1	1791646969.469861	1791646988.860973	0
2x-b1	tgt0-c8	1791646988.862978	1791647062.487218	0
2x-b1	coding-t0-nothink-c1	1791647062.488997	1791647615.451158	0
2x-b1	coding-t0-nothink-c8	1791647615.453776	1791647807.264172	0
2x-b2	idle	1791648079.553401	1791648199.554911	0
2x-b2	tgdef-c1	1791648199.564636	1791648227.210900	0
2x-b2	tgdef-c8	1791648227.213292	1791648301.344562	0
2x-b2	tgt0-c1	1791648301.346465	1791648324.846296	0
2x-b2	tgt0-c8	1791648324.848714	1791648395.339097	0
2x-b2	coding-t0-nothink-c1	1791648395.340813	1791648940.192530	0
2x-b2	coding-t0-nothink-c8	1791648940.195331	1791649135.345337	0
2x-b3	idle	1791649410.362096	1791649530.364084	0
2x-b3	tgdef-c1	1791649530.373798	1791649553.794818	0
2x-b3	tgdef-c8	1791649553.796692	1791649629.392100	0
2x-b3	tgt0-c1	1791649629.394297	1791649648.442893	0
2x-b3	tgt0-c8	1791649648.444984	1791649718.992102	0
2x-b3	coding-t0-nothink-c1	1791649718.994028	1791650257.677172	0
2x-b3	coding-t0-nothink-c8	1791650257.679787	1791650455.864018	0
