| model              |                 test |     t/s (total) |       t/s (req) |      peak t/s |   peak t/s (req) |           ttfr (ms) |        est_ppt (ms) |       e2e_ttft (ms) |   accept/draft |   prefix-hit |
|:-------------------|---------------------:|----------------:|----------------:|--------------:|-----------------:|--------------------:|--------------------:|--------------------:|---------------:|-------------:|
| qwen3.8-flash-next |          pp2048 (c1) |  1788.02 ± 4.57 |  1788.02 ± 4.57 |               |                  |      1175.48 ± 2.44 |      1172.63 ± 2.44 |      1175.64 ± 2.26 |          0.633 |            0 |
| qwen3.8-flash-next |           tg512 (c1) |    59.80 ± 4.58 |    59.80 ± 4.58 |  75.67 ± 4.64 |     75.67 ± 4.64 |                     |                     |                     |          0.633 |            0 |
| qwen3.8-flash-next |          pp2048 (c2) | 1976.46 ± 99.89 | 1019.38 ± 53.51 |               |                  |    2064.07 ± 112.42 |    2061.22 ± 112.42 |    2064.14 ± 112.32 |          0.567 |            0 |
| qwen3.8-flash-next |           tg512 (c2) |    80.21 ± 2.65 |    42.19 ± 2.23 | 105.00 ± 2.45 |     56.00 ± 5.26 |                     |                     |                     |          0.567 |            0 |
| qwen3.8-flash-next |          pp2048 (c4) | 2095.25 ± 29.00 |  566.59 ± 51.34 |               |                  |    3727.93 ± 289.08 |    3725.07 ± 289.08 |    3728.00 ± 289.14 |          0.596 |            0 |
| qwen3.8-flash-next |           tg512 (c4) |   111.43 ± 0.82 |    32.14 ± 3.57 | 143.67 ± 3.30 |     49.83 ± 9.21 |                     |                     |                     |          0.596 |            0 |
| qwen3.8-flash-next |          pp2048 (c8) | 2201.74 ± 10.85 |  350.73 ± 77.07 |               |                  |   6250.61 ± 1254.93 |   6247.75 ± 1254.93 |   6250.66 ± 1254.97 |          0.583 |            0 |
| qwen3.8-flash-next |           tg512 (c8) |   139.46 ± 2.93 |    22.38 ± 3.44 | 209.00 ± 7.35 |     38.38 ± 7.64 |                     |                     |                     |          0.583 |            0 |
| qwen3.8-flash-next | ctx_pp @ d16384 (c1) | 2087.86 ± 49.91 | 2087.86 ± 49.91 |               |                  |    7861.05 ± 189.45 |    7858.20 ± 189.45 |    7862.20 ± 188.69 |          0.597 |        0.434 |
| qwen3.8-flash-next | ctx_tg @ d16384 (c1) |    51.55 ± 4.20 |    51.55 ± 4.20 |  65.67 ± 7.41 |     65.67 ± 7.41 |                     |                     |                     |          0.597 |        0.434 |
| qwen3.8-flash-next | pp2048 @ d16384 (c1) |  1056.41 ± 9.67 |  1056.41 ± 9.67 |               |                  |     1941.66 ± 17.84 |     1938.80 ± 17.84 |     1943.40 ± 17.83 |          0.597 |        0.434 |
| qwen3.8-flash-next |  tg512 @ d16384 (c1) |    62.57 ± 7.40 |    62.57 ± 7.40 |  78.00 ± 7.79 |     78.00 ± 7.79 |                     |                     |                     |          0.597 |        0.434 |
| qwen3.8-flash-next | ctx_pp @ d16384 (c2) | 2074.65 ± 54.91 | 1083.20 ± 54.46 |               |                  |   15179.35 ± 757.07 |   15176.49 ± 757.07 |   15180.46 ± 756.69 |          0.533 |        0.434 |
| qwen3.8-flash-next | ctx_tg @ d16384 (c2) |    59.82 ± 2.91 |    37.69 ± 6.49 |  87.33 ± 5.56 |    55.67 ± 10.31 |                     |                     |                     |          0.533 |        0.434 |
| qwen3.8-flash-next | pp2048 @ d16384 (c2) |  1142.30 ± 3.18 |   579.87 ± 8.39 |               |                  |     3535.41 ± 51.02 |     3532.55 ± 51.02 |     3536.04 ± 51.11 |          0.533 |        0.434 |
| qwen3.8-flash-next |  tg512 @ d16384 (c2) |    80.51 ± 5.59 |    44.46 ± 4.15 | 102.67 ± 6.24 |     61.33 ± 8.58 |                     |                     |                     |          0.533 |        0.434 |
| qwen3.8-flash-next | ctx_pp @ d16384 (c4) | 2160.98 ± 22.49 | 661.68 ± 125.78 |               |                  |  25686.38 ± 4755.84 |  25683.52 ± 4755.84 |  25687.04 ± 4755.65 |          0.555 |        0.434 |
| qwen3.8-flash-next | ctx_tg @ d16384 (c4) |    47.51 ± 0.88 |    23.51 ± 8.65 | 143.00 ± 4.90 |    46.92 ± 10.04 |                     |                     |                     |          0.555 |        0.434 |
| qwen3.8-flash-next | pp2048 @ d16384 (c4) | 1177.94 ± 45.96 |  309.51 ± 23.76 |               |                  |    6657.05 ± 486.90 |    6654.19 ± 486.90 |    6658.35 ± 486.33 |          0.555 |        0.434 |
| qwen3.8-flash-next |  tg512 @ d16384 (c4) |   101.35 ± 5.86 |    33.35 ± 4.23 | 143.00 ± 1.41 |    51.42 ± 14.92 |                     |                     |                     |          0.555 |        0.434 |
| qwen3.8-flash-next | ctx_pp @ d16384 (c8) | 2173.77 ± 16.86 | 451.83 ± 175.94 |               |                  | 41865.69 ± 14584.25 | 41862.84 ± 14584.25 | 41866.29 ± 14584.27 |          0.549 |        0.434 |
| qwen3.8-flash-next | ctx_tg @ d16384 (c8) |    35.16 ± 4.31 |    11.60 ± 8.21 | 192.33 ± 8.50 |    36.83 ± 14.82 |                     |                     |                     |          0.549 |        0.434 |
| qwen3.8-flash-next | pp2048 @ d16384 (c8) |  1262.42 ± 0.20 |  208.77 ± 67.40 |               |                  |  10647.17 ± 2651.95 |  10644.32 ± 2651.95 |  10647.76 ± 2651.57 |          0.549 |        0.434 |
| qwen3.8-flash-next |  tg512 @ d16384 (c8) |   110.96 ± 1.19 |    20.95 ± 3.73 | 206.67 ± 6.85 |     37.58 ± 7.45 |                     |                     |                     |          0.549 |        0.434 |