1791668913.507341,9.23, 2184, 38
1791668914.507608,9.23, 2184, 38
1791668915.508078,9.47, 2184, 38
1791668916.508412,9.67, 2184, 38
1791668917.508339,9.78, 2184, 38
1791668918.509480,9.40, 2184, 38
1791668919.509841,8.98, 2184, 38
1791668920.510419,5.28, 305, 38
1791668921.510864,5.28, 305, 38
1791668922.511496,5.28, 305, 38
1791668923.511894,4.92, 305, 38
1791668924.512816,4.80, 305, 37
1791668925.513114,4.74, 312, 37
1791668926.513686,4.74, 312, 37
1791668927.514591,4.65, 312, 37
1791668928.513860,4.61, 208, 37
1791668929.515079,4.67, 305, 37
1791668930.515449,4.71, 208, 37
1791668931.516025,4.62, 305, 37
1791668932.515789,4.66, 305, 37
1791668933.516799,4.66, 305, 37
1791668934.517217,4.65, 305, 37
1791668935.516997,4.61, 208, 37
1791668936.516996,4.71, 305, 37
1791668937.517204,4.72, 208, 37
1791668938.517749,4.84, 240, 37
1791668939.517967,4.84, 305, 37
1791668940.517893,4.84, 305, 37
1791668941.518312,4.85, 305, 37
1791668942.518734,4.85, 208, 37
1791668943.519071,4.88, 299, 37
1791668944.519888,4.82, 208, 37
1791668945.520466,4.86, 208, 37
1791668946.520715,5.03, 305, 37
1791668947.520969,5.03, 305, 37
1791668948.521093,4.92, 305, 37
1791668949.521339,4.82, 208, 37
1791668950.521419,4.73, 305, 37
1791668951.521665,4.69, 208, 37
1791668952.521664,4.80, 305, 37
1791668953.522065,4.88, 305, 37
1791668954.522010,4.94, 305, 37
1791668955.522455,4.94, 305, 37
1791668956.522688,4.83, 305, 37
1791668957.522880,4.82, 208, 37
1791668958.522725,4.86, 305, 37
1791668959.523710,4.81, 208, 37
1791668960.524327,4.70, 305, 37
1791668961.524502,4.75, 305, 37
1791668962.525327,4.75, 305, 37
1791668963.525704,4.59, 305, 37
1791668964.526545,4.59, 208, 37
1791668965.526981,4.60, 305, 37
1791668966.527704,4.58, 208, 37
1791668967.527916,4.69, 305, 37
1791668968.529153,4.73, 305, 37
1791668969.529450,4.73, 305, 37
1791668970.530247,4.66, 305, 37
1791668971.531024,4.64, 208, 37
1791668972.531498,4.64, 305, 37
1791668973.531892,4.61, 208, 37
1791668974.532474,4.70, 299, 37
1791668975.532939,4.77, 305, 37
1791668976.533551,4.77, 305, 37
1791668977.534144,4.70, 305, 37
1791668978.534517,4.64, 208, 37
1791668979.535442,4.57, 305, 37
1791668980.536323,4.58, 208, 37
1791668981.536775,4.59, 234, 37
1791668982.537580,4.66, 305, 37
1791668983.537284,4.66, 305, 37
1791668984.538378,4.58, 305, 36
1791668985.539121,4.58, 208, 36
1791668986.539674,4.58, 305, 36
1791668987.539894,4.56, 208, 36
1791668988.540794,4.61, 208, 36
1791668989.541345,4.78, 305, 36
1791668990.541713,4.78, 305, 36
1791668991.542219,4.68, 305, 36
1791668992.542961,4.65, 208, 36
1791668993.542894,4.63, 305, 36
1791668994.543812,4.64, 208, 36
1791668995.543945,4.69, 305, 36
1791668996.544690,4.70, 305, 36
1791668997.545592,4.74, 305, 36
1791668998.546024,4.74, 305, 36
1791668999.546444,4.63, 305, 36
1791669000.547114,4.65, 208, 36
1791669001.547536,4.64, 305, 36
1791669002.547967,4.61, 208, 36
1791669003.548724,4.65, 305, 36
1791669004.549301,4.71, 305, 36
1791669005.549516,4.71, 305, 36
1791669006.550130,4.63, 299, 36
1791669007.550533,4.61, 208, 36
1791669008.550946,4.62, 305, 36
1791669009.551858,4.57, 208, 36
1791669010.552164,4.60, 305, 36
1791669011.552558,4.67, 305, 36
1791669012.553382,4.67, 305, 36
1791669013.553777,4.63, 305, 36
1791669014.554354,4.60, 208, 36
1791669015.555107,4.63, 305, 36
1791669016.555416,4.65, 208, 36
1791669017.555991,4.64, 299, 36
1791669018.556734,4.69, 305, 36
1791669019.557030,4.69, 305, 36
1791669020.557431,4.61, 305, 36
1791669021.557898,4.58, 208, 36
1791669022.557877,4.64, 305, 36
1791669023.558567,4.61, 208, 36
1791669024.559235,4.64, 234, 36
1791669025.559981,4.73, 305, 36
1791669026.560064,4.73, 305, 36
1791669027.560503,4.66, 305, 36
1791669028.560979,4.64, 208, 36
1791669029.561024,4.64, 305, 36
1791669030.561473,4.64, 208, 36
1791669031.561664,4.67, 208, 36
1791669032.561839,4.76, 305, 36
1791669033.562007,4.76, 305, 36
1791669034.562188,4.65, 305, 36
1791669035.562194,4.61, 208, 36
1791669036.562462,4.61, 305, 36
1791669037.563241,4.59, 208, 36
1791669038.563518,4.65, 299, 36
1791669039.563955,4.66, 305, 36
1791669040.564776,4.69, 305, 36
1791669041.565583,4.69, 305, 36
1791669042.566103,4.58, 305, 36
1791669043.566955,4.59, 208, 36
1791669044.567717,4.68, 305, 36
1791669045.568495,4.63, 208, 36
1791669046.568504,4.68, 305, 36
1791669047.569360,4.72, 305, 36
1791669048.570310,4.72, 305, 36
1791669049.571077,4.58, 305, 36
1791669050.571881,4.55, 208, 36
1791669051.572513,4.57, 305, 36
1791669052.572946,4.55, 208, 36
1791669053.573842,4.63, 305, 36
1791669054.573858,4.68, 305, 36
1791669055.574676,4.68, 305, 36
1791669056.575533,4.67, 305, 36
1791669057.575964,4.62, 208, 36
1791669058.576082,4.61, 305, 36
1791669059.576614,4.62, 208, 36
1791669060.577009,4.64, 292, 36
1791669061.577887,4.72, 305, 36
1791669062.578452,4.72, 305, 36
1791669063.578475,4.65, 305, 36
1791669064.578657,4.53, 208, 36
1791669065.579530,4.61, 305, 36
1791669066.579917,4.57, 208, 36
1791669067.580545,4.62, 227, 36
1791669068.580961,4.75, 305, 36
1791669069.581389,4.75, 305, 36
1791669070.581803,4.66, 305, 36
1791669071.582718,4.65, 208, 36
1791669072.583120,4.68, 305, 36
1791669073.583836,4.62, 208, 36
1791669074.584374,4.65, 208, 36
1791669075.584590,4.72, 305, 36
1791669076.585338,4.72, 305, 36
1791669077.586008,4.66, 305, 36
1791669078.586408,4.63, 208, 36
1791669079.586808,4.65, 305, 36
1791669080.587757,4.62, 208, 36
1791669081.587327,4.65, 305, 36
1791669082.587578,4.70, 305, 36
1791669083.587681,4.75, 305, 36
1791669084.587963,4.75, 305, 36
1791669085.588134,4.63, 305, 36
1791669086.588333,4.57, 208, 36
1791669087.588521,4.64, 305, 36
1791669088.588711,4.60, 208, 36
1791669089.588906,4.68, 305, 36
1791669090.589287,4.73, 305, 36
1791669091.589525,4.73, 305, 36
1791669092.589696,4.70, 305, 36
1791669093.589959,4.68, 208, 36
1791669094.590126,4.70, 305, 36
1791669095.590214,4.67, 208, 36
1791669096.590390,4.68, 305, 36
1791669097.590571,4.74, 305, 36
1791669098.591144,4.74, 305, 36
1791669099.592327,4.67, 305, 36
1791669100.592914,4.66, 208, 36
1791669101.593321,4.67, 299, 36
1791669102.593659,4.66, 208, 36
1791669103.594119,4.66, 292, 36
1791669104.594805,4.72, 305, 36
1791669105.595307,4.72, 305, 36
1791669106.595744,4.61, 305, 36
1791669107.596468,4.60, 208, 36
1791669108.596978,4.66, 305, 36
1791669109.597390,4.60, 208, 36
1791669110.597980,4.61, 227, 36
1791669111.598643,4.66, 305, 36
1791669112.599076,4.66, 305, 36
1791669113.599602,4.57, 305, 36
1791669114.600271,4.59, 208, 36
1791669115.600258,4.59, 305, 36
1791669116.600347,4.59, 208, 36
1791669117.600770,4.67, 208, 36
1791669118.601669,4.70, 305, 36
1791669119.601556,4.70, 305, 36
1791669120.601713,4.62, 305, 36
1791669121.602480,4.55, 208, 36
1791669122.603285,4.59, 305, 36
1791669123.604329,4.59, 208, 36
1791669124.604790,4.60, 305, 36
1791669125.605621,4.65, 305, 36
1791669126.605942,4.71, 305, 36
1791669127.605916,4.71, 305, 36
1791669128.606987,4.64, 305, 36
1791669129.607707,4.58, 208, 36
1791669130.608114,4.64, 305, 36
1791669131.608760,4.62, 208, 36
1791669132.609696,4.69, 299, 36
1791669133.610539,4.73, 305, 36
1791669134.611339,4.73, 305, 36
1791669135.612096,4.67, 305, 36
1791669136.612911,4.65, 208, 36
1791669137.613706,4.65, 305, 36
1791669138.614301,4.62, 208, 36
1791669139.614870,4.66, 305, 36
1791669140.615701,4.72, 305, 36
1791669141.616543,4.72, 305, 36
1791669142.617386,4.67, 305, 36
1791669143.618226,4.65, 208, 35
1791669144.619024,4.66, 305, 35
1791669145.619814,4.64, 208, 36
1791669146.620611,4.68, 286, 35
1791669147.621390,4.74, 305, 36
1791669148.622036,4.74, 305, 36
1791669149.622821,4.70, 312, 35
1791669150.623264,4.68, 208, 35
1791669151.624202,4.71, 305, 35
1791669152.625005,4.64, 208, 35
1791669153.625800,4.66, 221, 35
1791669154.626632,4.70, 305, 35
1791669155.627446,4.70, 305, 35
1791669156.628025,4.64, 305, 35
1791669157.628827,4.61, 208, 35
1791669158.629421,4.57, 305, 35
1791669159.630327,4.55, 208, 35
1791669160.631188,4.63, 208, 35
1791669161.632014,4.74, 305, 35
1791669162.632216,4.74, 305, 35
1791669163.633103,4.61, 305, 35
1791669164.633908,4.59, 208, 35
1791669165.634285,4.59, 305, 35
1791669166.635209,4.56, 208, 35
1791669167.635999,4.59, 305, 35
1791669168.636782,4.62, 305, 35
1791669169.637592,4.67, 305, 35
1791669170.638206,4.67, 305, 35
1791669171.639014,4.62, 305, 35
1791669172.639809,4.61, 208, 35
1791669173.640601,4.66, 305, 35
1791669174.641441,4.60, 208, 35
1791669175.642244,4.65, 305, 35
1791669176.643081,4.71, 305, 35
1791669177.643980,4.71, 305, 35
1791669178.644778,4.72, 305, 35
1791669179.645472,4.67, 208, 35
1791669180.646420,4.65, 305, 35
1791669181.647252,4.57, 208, 35
1791669182.647324,4.74, 305, 35
1791669183.648238,4.87, 305, 35
1791669184.649049,4.87, 305, 35
1791669185.649897,4.64, 305, 36
1791669186.650717,4.64, 208, 35
1791669187.651516,4.65, 305, 35
1791669188.652320,4.59, 208, 35
1791669189.652390,4.64, 286, 35
1791669190.653281,4.82, 305, 35
1791669191.654119,4.82, 305, 35
1791669192.654249,4.67, 305, 36
1791669193.655042,4.65, 208, 35
1791669194.655866,4.65, 305, 35
1791669195.656034,4.64, 208, 35
1791669196.656820,4.72, 221, 36
1791669197.657013,4.85, 305, 36
1791669198.657122,4.85, 305, 36
1791669199.657458,4.83, 305, 36
1791669200.657950,4.80, 208, 36
1791669201.658552,4.76, 305, 36
1791669202.658792,4.79, 208, 36
1791669203.659622,4.82, 208, 36
1791669204.660358,4.90, 305, 36
1791669205.661093,4.90, 305, 36
1791669206.661113,4.80, 305, 36
1791669207.661728,4.77, 208, 36
1791669208.661939,4.77, 305, 36
1791669209.662369,4.75, 208, 36
1791669210.662480,4.79, 305, 36
1791669211.663277,4.80, 305, 36
1791669212.664275,4.81, 305, 36
1791669213.664573,4.81, 305, 36
1791669214.665227,4.64, 305, 36
1791669215.666094,4.62, 208, 36
1791669216.666946,4.65, 305, 36
1791669217.667716,4.61, 208, 36
1791669218.668529,4.67, 305, 36
1791669219.669333,4.76, 305, 36
1791669220.670097,4.76, 305, 36
1791669221.670872,4.67, 305, 36
1791669222.671287,4.65, 208, 36
1791669223.671389,4.64, 305, 36
1791669224.672174,4.63, 208, 36
1791669225.672622,4.68, 305, 36
1791669226.672790,4.76, 305, 36
1791669227.673602,4.76, 305, 36
1791669228.674453,4.67, 305, 36
1791669229.675279,4.61, 208, 36
1791669230.676116,4.62, 305, 36
1791669231.676195,4.60, 208, 36
1791669232.676998,4.68, 286, 36
1791669233.677651,4.74, 305, 36
1791669234.678567,4.74, 305, 36
1791669235.679292,4.63, 305, 36
1791669236.680140,4.61, 208, 36
1791669237.680978,4.63, 305, 36
1791669238.681771,4.64, 208, 36
1791669239.682398,4.71, 214, 36
1791669240.683216,4.73, 305, 36
1791669241.683800,4.73, 305, 36
1791669242.684650,4.66, 305, 36
1791669243.685274,4.58, 208, 36
1791669244.686052,4.61, 305, 36
1791669245.686880,4.61, 208, 36
1791669246.687517,4.66, 208, 36
1791669247.688287,4.72, 305, 36
1791669248.689098,4.72, 305, 36
1791669249.689901,4.65, 305, 36
1791669250.690704,4.62, 208, 36
1791669251.691512,4.64, 305, 36
1791669252.692356,4.66, 208, 36
1791669253.693223,4.68, 305, 35
1791669254.694055,4.66, 305, 36
1791669255.694859,4.74, 305, 36
1791669256.695669,4.74, 305, 36
1791669257.696484,4.66, 305, 35
1791669258.697257,4.62, 208, 36
1791669259.698075,4.66, 305, 35
1791669260.699259,4.62, 208, 35
1791669261.699903,4.66, 305, 35
1791669262.701153,4.74, 305, 35
1791669263.701577,4.74, 305, 35
1791669264.701583,4.68, 305, 35
1791669265.701767,4.64, 208, 35
1791669266.701861,4.66, 305, 35
1791669267.701962,4.62, 208, 35
1791669268.702835,4.65, 305, 35
1791669269.702709,4.70, 305, 35
1791669270.703004,4.70, 305, 35
1791669271.702965,4.66, 305, 35
1791669272.703328,4.65, 208, 35
1791669273.703484,4.67, 305, 35
1791669274.703742,4.66, 208, 35
1791669275.703832,4.66, 279, 35
1791669276.704743,4.74, 305, 35
1791669277.705123,4.74, 305, 35
1791669278.705563,4.66, 305, 35
1791669279.706280,4.64, 208, 35
1791669280.706870,4.64, 305, 35
1791669281.707095,4.61, 208, 35
1791669282.707748,4.63, 208, 35
1791669283.707902,4.68, 305, 35
1791669284.708807,4.68, 305, 35
1791669285.709326,4.63, 305, 35
1791669286.709719,4.63, 208, 35
1791669287.710290,4.68, 305, 35
1791669288.710982,4.64, 208, 35
1791669289.711356,4.61, 208, 35
1791669290.711947,4.72, 305, 35
1791669291.712710,4.72, 305, 35
1791669292.713007,4.68, 305, 35
1791669293.713581,4.63, 208, 35
1791669294.714326,4.65, 305, 35
1791669295.714897,4.62, 208, 35
1791669296.715322,4.65, 305, 35
1791669297.715556,4.68, 305, 35
1791669298.716153,4.70, 305, 35
1791669299.716606,4.70, 305, 35
1791669300.717390,4.66, 305, 35
1791669301.717355,4.63, 208, 35
1791669302.717839,4.64, 305, 35
1791669303.718197,4.65, 208, 35
1791669304.718751,4.67, 305, 35
1791669305.719407,4.72, 305, 35
1791669306.719776,4.72, 305, 35
1791669307.719937,4.64, 305, 35
1791669308.720121,4.57, 208, 35
1791669309.720294,4.61, 305, 35
1791669310.720375,4.63, 208, 35
1791669311.720467,4.66, 305, 35
1791669312.720637,4.72, 305, 35
1791669313.720841,4.72, 305, 35
1791669314.721495,4.62, 305, 35
1791669315.721624,4.60, 208, 35
1791669316.722549,4.58, 305, 35
1791669317.723127,4.49, 208, 35
1791669318.723373,4.57, 279, 35
1791669319.724277,4.66, 305, 35
1791669320.724816,4.66, 305, 35
1791669321.725213,4.58, 305, 35
1791669322.725537,4.55, 208, 35
1791669323.726426,4.60, 299, 35
1791669324.727328,4.59, 208, 35
1791669325.727686,4.60, 208, 35
1791669326.728258,4.65, 305, 35
1791669327.728725,4.65, 305, 35
1791669328.729332,4.57, 305, 35
1791669329.729728,4.55, 208, 35
1791669330.730689,4.60, 305, 35
1791669331.730788,4.50, 208, 35
1791669332.731083,4.53, 208, 35
1791669333.731694,4.66, 305, 35
1791669334.732268,4.66, 305, 35
1791669335.732947,4.62, 305, 35
1791669336.733322,4.57, 208, 35
1791669337.733718,4.55, 208, 35
1791669338.734667,4.60, 305, 35
1791669339.734987,4.59, 208, 35
1791669340.735494,4.65, 305, 35
1791669341.736118,4.72, 305, 35
1791669342.736535,4.61, 305, 35
1791669343.737106,4.58, 208, 35
1791669344.737764,4.56, 305, 35
1791669345.737985,4.55, 208, 35
1791669346.738731,4.57, 305, 35
1791669347.739394,4.59, 305, 35
1791669348.739789,4.62, 305, 35
1791669349.740362,4.59, 305, 35
1791669350.741114,4.54, 208, 35
1791669351.741418,4.53, 208, 35
1791669352.741809,4.52, 305, 35
1791669353.742732,4.50, 208, 35
1791669354.742354,4.58, 305, 35
1791669355.743550,4.64, 305, 35
1791669356.744099,4.59, 305, 35
1791669357.744490,4.56, 208, 35
1791669358.745024,4.58, 305, 35
1791669359.745680,4.60, 208, 35
1791669360.745142,4.68, 305, 35
1791669361.745242,4.75, 305, 35
1791669362.746435,4.79, 305, 35
1791669363.746833,4.68, 305, 35
1791669364.747398,4.65, 208, 35
1791669365.748070,4.64, 305, 35
1791669366.747744,4.64, 208, 35
1791669367.747943,4.68, 305, 35
1791669368.748125,4.66, 299, 35
1791669369.748318,4.70, 305, 35
1791669370.748537,4.61, 305, 35
1791669371.748710,4.61, 208, 35
1791669372.748905,4.68, 305, 35
1791669373.749099,4.65, 208, 35
1791669374.749387,4.66, 305, 35
1791669375.749561,4.59, 234, 35
1791669376.749732,4.75, 305, 35
1791669377.749912,4.67, 305, 35
1791669378.750015,4.64, 208, 35
1791669379.750265,4.62, 305, 35
1791669380.750443,4.60, 208, 35
1791669381.750621,4.67, 305, 35
1791669382.750799,4.62, 208, 35
1791669383.751988,4.72, 305, 35
1791669384.752331,4.72, 305, 35
1791669385.752978,4.65, 305, 35
1791669386.753689,4.63, 208, 35
1791669387.753662,4.65, 305, 35
1791669388.754379,4.65, 208, 35
1791669389.754950,4.65, 305, 35
1791669390.755360,4.61, 305, 35
1791669391.755758,4.64, 305, 35
1791669392.756607,4.61, 305, 35
1791669393.757008,4.59, 208, 35
1791669394.757584,4.56, 305, 35
1791669395.758220,4.53, 208, 35
1791669396.758628,4.57, 305, 35
1791669397.759254,4.57, 305, 35
1791669398.759796,4.58, 305, 35
1791669399.760157,4.57, 305, 35
1791669400.760879,4.55, 208, 35
1791669401.761414,4.56, 305, 35
1791669402.761648,4.53, 208, 35
1791669403.762380,4.61, 305, 35
1791669404.762637,4.57, 305, 35
1791669405.763724,4.61, 305, 35
1791669406.764775,4.52, 305, 35
1791669407.765169,4.47, 208, 35
1791669408.765736,4.51, 305, 35
1791669409.766202,4.51, 208, 35
1791669410.766806,4.56, 305, 35
1791669411.767377,4.58, 299, 35
1791669412.768038,4.65, 305, 35
1791669413.768438,4.59, 305, 35
1791669414.769006,4.56, 208, 35
1791669415.769742,4.55, 305, 35
1791669416.769885,4.53, 208, 35
1791669417.770634,4.55, 305, 35
1791669418.771384,4.50, 234, 35
1791669419.771682,4.61, 305, 35
1791669420.772258,4.55, 305, 35
1791669421.771842,4.55, 208, 35
1791669422.772916,4.65, 305, 35
1791669423.773610,4.52, 208, 35
1791669424.774008,4.52, 305, 35
1791669425.774406,4.51, 208, 35
1791669426.775239,4.55, 305, 35
1791669427.774947,4.52, 305, 35
1791669428.775743,4.45, 305, 35
1791669429.775961,4.40, 208, 35
1791669430.776552,4.36, 305, 35
1791669431.777908,4.31, 208, 35
1791669432.778027,4.40, 305, 35
1791669433.778418,4.55, 305, 35
1791669434.779061,4.58, 305, 35
1791669435.779723,4.45, 305, 35
1791669436.780490,4.43, 208, 35
1791669437.780691,4.48, 305, 35
1791669438.781341,4.46, 208, 35
1791669439.781684,4.47, 305, 35
1791669440.782286,4.50, 305, 35
1791669441.783000,4.52, 305, 35
1791669442.783261,4.46, 305, 35
1791669443.783868,4.45, 208, 35
1791669444.784476,4.47, 305, 35
1791669445.784737,4.46, 208, 35
1791669446.784818,4.49, 305, 35
1791669447.785428,4.48, 305, 35
1791669448.786049,4.52, 305, 35
1791669449.786422,4.52, 299, 35
1791669450.786701,4.50, 208, 35
1791669451.787108,4.57, 305, 35
1791669452.787727,4.52, 208, 35
1791669453.788390,4.52, 305, 35
1791669454.788756,4.47, 299, 35
1791669455.789325,4.54, 305, 35
1791669456.790010,4.50, 305, 35
1791669457.790961,4.49, 208, 35
1791669458.790957,4.53, 305, 35
1791669459.792301,4.50, 208, 35
1791669460.791990,4.47, 305, 35
1791669461.792558,4.45, 234, 35
1791669462.793677,4.64, 305, 35
1791669463.793625,4.45, 305, 35
1791669464.794197,4.44, 208, 35
1791669465.794912,4.41, 305, 35
1791669466.795254,4.39, 208, 35
1791669467.795856,4.46, 305, 35
1791669468.796554,4.49, 208, 35
1791669469.796848,4.55, 305, 35
1791669470.797368,4.53, 305, 35
1791669471.797648,4.39, 305, 35
1791669472.798213,4.39, 208, 35
1791669473.799668,4.41, 305, 35
1791669474.800240,4.41, 208, 35
1791669475.800524,4.45, 305, 35
1791669476.800895,4.51, 305, 35
1791669477.801008,4.53, 305, 35
1791669478.801586,4.47, 305, 35
1791669479.802222,4.36, 208, 35
1791669480.802851,4.41, 305, 35
1791669481.802797,4.42, 201, 35
1791669482.803449,4.51, 305, 35
1791669483.803961,4.56, 305, 35
